cinnabar (HgS);
1;0
2;0
3;0
4;0
5;0
6;0
7;0
8;0
9;0
10;0
11;0
12;0
13;0
14;0
15;0
16;0
17;0
18;0
19;0
20;0
21;0
22;120
23;143
24;137
25;139
26;121
27;121
28;114
29;118
30;112
31;118
32;123
33;132
34;130
35;134
36;130
37;121
38;124
39;119
40;121
41;118
42;127
43;123
44;110
45;112
46;78
47;99
48;122
49;117
50;118
51;105
52;110
53;97
54;100
55;102
56;91
57;117
58;108
59;106
60;117
61;104
62;102
63;98
64;102
65;109
66;96
67;112
68;110
69;123
70;127
71;128
72;125
73;116
74;99
75;136
76;115
77;125
78;123
79;117
80;106
81;119
82;121
83;121
84;99
85;117
86;115
87;111
88;112
89;117
90;123
91;117
92;125
93;123
94;127
95;121
96;105
97;115
98;112
99;108
100;104
101;112
102;134
103;129
104;112
105;126
106;135
107;117
108;144
109;133
110;138
111;149
112;129
113;128
114;111
115;128
116;107
117;130
118;137
119;148
120;137
121;136
122;124
123;126
124;143
125;135
126;145
127;155
128;131
129;136
130;149
131;136
132;153
133;147
134;140
135;148
136;162
137;162
138;151
139;151
140;176
141;177
142;165
143;177
144;166
145;171
146;180
147;182
148;168
149;179
150;191
151;161
152;178
153;192
154;215
155;204
156;195
157;223
158;194
159;204
160;193
161;201
162;205
163;211
164;223
165;198
166;208
167;254
168;240
169;265
170;265
171;252
172;254
173;246
174;250
175;253
176;235
177;218
178;263
179;246
180;234
181;265
182;252
183;283
184;260
185;262
186;255
187;253
188;257
189;249
190;273
191;255
192;279
193;265
194;260
195;271
196;269
197;271
198;277
199;267
200;268
201;264
202;274
203;288
204;289
205;259
206;271
207;264
208;323
209;313
210;306
211;338
212;316
213;353
214;325
215;320
216;334
217;351
218;356
219;356
220;342
221;370
222;349
223;361
224;355
225;346
226;346
227;338
228;332
229;320
230;336
231;316
232;354
233;330
234;328
235;358
236;365
237;339
238;378
239;431
240;418
241;437
242;440
243;452
244;456
245;410
246;451
247;473
248;458
249;494
250;553
251;580
252;586
253;645
254;594
255;531
256;502
257;503
258;459
259;469
260;457
261;491
262;466
263;472
264;494
265;454
266;459
267;450
268;456
269;411
270;473
271;490
272;531
273;566
274;633
275;687
276;670
277;631
278;625
279;640
280;642
281;631
282;660
283;751
284;869
285;842
286;791
287;859
288;836
289;734
290;628
291;567
292;579
293;547
294;489
295;491
296;451
297;478
298;493
299;524
300;507
301;482
302;502
303;528
304;552
305;565
306;543
307;574
308;559
309;592
310;646
311;657
312;667
313;727
314;687
315;732
316;686
317;700
318;717
319;699
320;715
321;757
322;761
323;776
324;779
325;811
326;768
327;812
328;854
329;825
330;847
331;835
332;834
333;882
334;902
335;902
336;934
337;920
338;972
339;1035
340;1022
341;1057
342;1131
343;1126
344;1144
345;1213
346;1259
347;1345
348;1274
349;1272
350;1291
351;1285
352;1285
353;1293
354;1246
355;1321
356;1236
357;1323
358;1337
359;1358
360;1419
361;1422
362;1474
363;1404
364;1410
365;1543
366;1504
367;1517
368;1504
369;1556
370;1546
371;1530
372;1679
373;1651
374;1617
375;1752
376;1729
377;1742
378;1698
379;1797
380;1753
381;1873
382;1799
383;1833
384;1856
385;1927
386;1951
387;1943
388;1983
389;2086
390;2084
391;2027
392;2130
393;2233
394;2165
395;2222
396;2122
397;2269
398;2225
399;2207
400;2307
401;2227
402;2433
403;2403
404;2367
405;2458
406;2435
407;2486
408;2464
409;2448
410;2544
411;2545
412;2674
413;2632
414;2686
415;2724
416;2685
417;2659
418;2758
419;2813
420;2811
421;2884
422;2882
423;2906
424;2919
425;2882
426;3046
427;2987
428;3030
429;3065
430;3115
431;3124
432;3135
433;3174
434;3230
435;3275
436;3312
437;3371
438;3524
439;3518
440;3497
441;3626
442;3639
443;3934
444;4042
445;4192
446;4471
447;4649
448;4924
449;5396
450;5933
451;6555
452;7149
453;7775
454;8634
455;9203
456;9329
457;9476
458;9453
459;9075
460;9091
461;9420
462;10070
463;10452
464;11264
465;11674
466;11845
467;11385
468;10952
469;9738
470;8378
471;7231
472;6135
473;5172
474;4698
475;4299
476;4163
477;4134
478;4180
479;4145
480;4137
481;4106
482;3999
483;4072
484;3892
485;4027
486;4025
487;3872
488;3929
489;3930
490;3928
491;3947
492;3901
493;3930
494;3948
495;4188
496;3980
497;4006
498;4001
499;4063
500;3866
501;4082
502;4020
503;4053
504;4087
505;4107
506;4198
507;4323
508;4311
509;4304
510;4428
511;4498
512;4630
513;4623
514;4872
515;4773
516;4999
517;5217
518;5389
519;5444
520;5862
521;6230
522;6536
523;6850
524;7256
525;7535
526;7611
527;7795
528;7521
529;7286
530;6847
531;6410
532;6005
533;5564
534;5205
535;4949
536;4810
537;4849
538;4936
539;4790
540;4881
541;4924
542;4991
543;4906
544;4699
545;4702
546;4400
547;4229
548;3999
549;3913
550;3812
551;3669
552;3628
553;3694
554;3699
555;3668
556;3564
557;3565
558;3506
559;3572
560;3427
561;3541
562;3540
563;3508
564;3445
565;3472
566;3535
567;3424
568;3525
569;3478
570;3641
571;3385
572;3533
573;3544
574;3461
575;3440
576;3355
577;3427
578;3553
579;3440
580;3395
581;3393
582;3461
583;3390
584;3403
585;3474
586;3344
587;3411
588;3390
589;3354
590;3348
591;3377
592;3305
593;3485
594;3338
595;3386
596;3373
597;3290
598;3233
599;3308
600;3369
601;3265
602;3241
603;3247
604;3126
605;3371
606;3254
607;3232
608;3278
609;3251
610;3197
611;3243
612;3141
613;3190
614;3043
615;3233
616;3132
617;3126
618;3143
619;3038
620;3109
621;3030
622;3133
623;3090
624;3063
625;3029
626;3026
627;2990
628;3034
629;2982
630;2963
631;3006
632;2944
633;2923
634;2967
635;2914
636;2945
637;2856
638;2759
639;2873
640;2788
641;2821
642;2757
643;2849
644;2830
645;2876
646;2810
647;2862
648;2687
649;2785
650;2785
651;2721
652;2781
653;2641
654;2830
655;2577
656;2618
657;2611
658;2716
659;2535
660;2623
661;2560
662;2683
663;2511
664;2470
665;2570
666;2506
667;2510
668;2522
669;2519
670;2527
671;2474
672;2474
673;2515
674;2510
675;2463
676;2480
677;2398
678;2453
679;2367
680;2428
681;2342
682;2353
683;2328
684;2295
685;2303
686;2276
687;2401
688;2257
689;2253
690;2301
691;2313
692;2220
693;2202
694;2248
695;2132
696;2185
697;2262
698;2141
699;2095
700;2166
701;2112
702;2167
703;2132
704;2086
705;2110
706;2128
707;2068
708;1941
709;2084
710;2112
711;2014
712;2055
713;2080
714;1959
715;1989
716;2012
717;1951
718;1929
719;1967
720;1942
721;1932
722;1974
723;1865
724;1898
725;1788
726;1802
727;1759
728;1807
729;1802
730;1773
731;1819
732;1845
733;1737
734;1754
735;1649
736;1724
737;1750
738;1752
739;1675
740;1696
741;1682
742;1735
743;1619
744;1698
745;1659
746;1621
747;1685
748;1663
749;1595
750;1652
751;1673
752;1553
753;1560
754;1611
755;1459
756;1552
757;1494
758;1505
759;1444
760;1450
761;1485
762;1410
763;1436
764;1423
765;1385
766;1407
767;1412
768;1356
769;1328
770;1347
771;1390
772;1364
773;1337
774;1301
775;1303
776;1273
777;1326
778;1331
779;1310
780;1235
781;1334
782;1244
783;1196
784;1231
785;1243
786;1248
787;1205
788;1141
789;1165
790;1219
791;1219
792;1197
793;1180
794;1176
795;1160
796;1098
797;1119
798;1062
799;1080
800;1076
801;1030
802;1085
803;1042
804;1104
805;1007
806;947
807;1060
808;958
809;1003
810;1012
811;976
812;949
813;982
814;961
815;904
816;933
817;953
818;903
819;887
820;904
821;867
822;922
823;851
824;854
825;884
826;853
827;829
828;788
829;823
830;846
831;770
832;837
833;774
834;783
835;688
836;761
837;753
838;695
839;726
840;674
841;731
842;722
843;694
844;661
845;757
846;642
847;655
848;674
849;662
850;642
851;597
852;603
853;619
854;627
855;573
856;584
857;660
858;585
859;526
860;554
861;559
862;485
863;528
864;497
865;562
866;491
867;473
868;495
869;487
870;481
871;465
872;437
873;434
874;441
875;404
876;454
877;444
878;408
879;419
880;435
881;376
882;383
883;406
884;371
885;390
886;366
887;346
888;330
889;334
890;351
891;309
892;290
893;312
894;264
895;290
896;288
897;275
898;262
899;270
900;253
901;232
902;242
903;233
904;215
905;213
906;202
907;202
908;218
909;187
910;169
911;174
912;164
913;144
914;148
915;163
916;155
917;121
918;132
919;133
920;106
921;97
922;113
923;100
924;114
925;77
926;65
927;78
928;80
929;55
930;52
931;48
932;45
933;36
934;50
935;37
936;37
937;32
938;32
939;21
940;22
941;15
942;13
943;10
944;8
945;6
946;13
947;1
948;8
949;7
950;6
951;5
952;8
953;2
954;4
955;4
956;7
957;2
958;3
959;0
960;9
961;3
962;3
963;3
964;8
965;7
966;6
967;5
968;5
969;4
970;4
971;3
972;5
973;11
974;8
975;5
976;6
977;5
978;9
979;6
980;5
981;5
982;7
983;6
984;7
985;3
986;6
987;7
988;2
989;6
990;4
991;3
992;4
993;7
994;6
995;2
996;7
997;7
998;3
999;7
1000;5
1001;6
1002;5
1003;5
1004;4
1005;3
1006;2
1007;4
1008;6
1009;2
1010;12
1011;5
1012;3
1013;7
1014;6
1015;6
1016;7
1017;2
1018;3
1019;6
1020;5
1021;6
1022;8
1023;10
1024;3
