egg;
1;0
2;0
3;0
4;0
5;0
6;0
7;0
8;0
9;0
10;0
11;0
12;0
13;0
14;0
15;0
16;0
17;0
18;0
19;0
20;0
21;0
22;150
23;117
24;114
25;101
26;128
27;112
28;112
29;113
30;146
31;109
32;112
33;121
34;114
35;137
36;106
37;126
38;125
39;139
40;138
41;116
42;119
43;113
44;123
45;98
46;111
47;128
48;110
49;84
50;110
51;104
52;112
53;111
54;120
55;105
56;103
57;115
58;112
59;97
60;118
61;97
62;102
63;114
64;107
65;123
66;111
67;127
68;99
69;114
70;113
71;108
72;118
73;128
74;105
75;98
76;122
77;103
78;100
79;123
80;140
81;122
82;99
83;119
84;119
85;120
86;133
87;126
88;121
89;103
90;113
91;123
92;144
93;119
94;128
95;110
96;124
97;129
98;102
99;131
100;122
101;130
102;124
103;104
104;125
105;114
106;141
107;119
108;116
109;132
110;125
111;127
112;138
113;133
114;97
115;129
116;129
117;131
118;124
119;138
120;128
121;135
122;149
123;142
124;163
125;162
126;144
127;156
128;162
129;147
130;137
131;137
132;173
133;165
134;181
135;158
136;164
137;163
138;165
139;161
140;187
141;190
142;189
143;186
144;170
145;188
146;188
147;160
148;153
149;176
150;184
151;172
152;189
153;221
154;169
155;175
156;196
157;192
158;203
159;208
160;190
161;206
162;211
163;219
164;225
165;228
166;263
167;257
168;284
169;237
170;291
171;269
172;247
173;275
174;275
175;265
176;242
177;240
178;253
179;250
180;247
181;254
182;263
183;264
184;272
185;270
186;249
187;262
188;259
189;269
190;266
191;274
192;291
193;273
194;280
195;294
196;313
197;263
198;244
199;274
200;309
201;282
202;258
203;285
204;300
205;339
206;321
207;299
208;301
209;299
210;327
211;324
212;311
213;316
214;336
215;366
216;365
217;340
218;359
219;328
220;375
221;340
222;341
223;373
224;375
225;393
226;346
227;352
228;350
229;300
230;346
231;343
232;329
233;299
234;304
235;317
236;378
237;339
238;392
239;402
240;413
241;421
242;436
243;488
244;449
245;437
246;461
247;461
248;519
249;506
250;546
251;612
252;670
253;580
254;591
255;588
256;502
257;486
258;450
259;450
260;466
261;480
262;491
263;497
264;518
265;442
266;423
267;403
268;425
269;474
270;459
271;488
272;558
273;572
274;605
275;674
276;660
277;634
278;620
279;633
280;605
281;617
282;695
283;778
284;812
285;876
286;890
287;892
288;809
289;772
290;692
291;587
292;568
293;496
294;557
295;516
296;490
297;518
298;535
299;539
300;560
301;492
302;513
303;601
304;556
305;479
306;564
307;603
308;601
309;627
310;647
311;644
312;670
313;738
314;720
315;698
316;734
317;668
318;710
319;729
320;767
321;710
322;784
323;779
324;766
325;875
326;827
327;814
328;870
329;836
330;914
331;857
332;913
333;956
334;901
335;893
336;913
337;1086
338;1007
339;1003
340;1033
341;1049
342;1098
343;1144
344;1161
345;1238
346;1238
347;1275
348;1312
349;1241
350;1311
351;1279
352;1309
353;1309
354;1272
355;1301
356;1250
357;1294
358;1342
359;1413
360;1448
361;1522
362;1534
363;1484
364;1533
365;1538
366;1472
367;1492
368;1494
369;1556
370;1542
371;1637
372;1640
373;1677
374;1688
375;1697
376;1778
377;1738
378;1778
379;1770
380;1879
381;1824
382;1938
383;1986
384;1897
385;1955
386;1895
387;2051
388;1962
389;2088
390;2098
391;2122
392;2154
393;2149
394;2143
395;2271
396;2151
397;2143
398;2284
399;2387
400;2346
401;2339
402;2362
403;2405
404;2467
405;2437
406;2455
407;2474
408;2525
409;2536
410;2613
411;2508
412;2704
413;2592
414;2756
415;2742
416;2775
417;2797
418;2763
419;2768
420;2877
421;2892
422;2961
423;2967
424;2944
425;3113
426;3033
427;3102
428;3048
429;3200
430;3171
431;3179
432;3174
433;3198
434;3254
435;3357
436;3315
437;3357
438;3445
439;3508
440;3560
441;3736
442;3719
443;3861
444;4080
445;4344
446;4435
447;4769
448;5208
449;5361
450;5932
451;6500
452;7214
453;8037
454;8742
455;9033
456;9480
457;9609
458;9346
459;9282
460;9133
461;9454
462;10102
463;10832
464;11343
465;12078
466;12096
467;11780
468;11030
469;9682
470;8273
471;7195
472;6143
473;5161
474;4777
475;4416
476;4206
477;4098
478;4064
479;4139
480;4132
481;4225
482;4179
483;4133
484;4090
485;4067
486;3961
487;3979
488;3986
489;3972
490;3982
491;4052
492;4048
493;3991
494;3969
495;3962
496;4017
497;4130
498;4084
499;3998
500;4165
501;4089
502;4134
503;4004
504;4143
505;4206
506;4259
507;4248
508;4318
509;4473
510;4353
511;4550
512;4570
513;4695
514;4893
515;4892
516;5051
517;5127
518;5393
519;5736
520;5957
521;6279
522;6477
523;6870
524;7203
525;7764
526;7810
527;7955
528;7695
529;7520
530;6808
531;6496
532;5777
533;5557
534;5187
535;5007
536;4902
537;4789
538;4771
539;4935
540;4921
541;4948
542;4924
543;4901
544;4824
545;4800
546;4393
547;4200
548;4051
549;3951
550;3649
551;3707
552;3637
553;3575
554;3658
555;3545
556;3633
557;3550
558;3622
559;3487
560;3578
561;3616
562;3528
563;3572
564;3519
565;3592
566;3584
567;3575
568;3465
569;3443
570;3418
571;3419
572;3469
573;3471
574;3465
575;3544
576;3455
577;3507
578;3483
579;3482
580;3417
581;3490
582;3450
583;3499
584;3427
585;3387
586;3455
587;3372
588;3441
589;3372
590;3372
591;3427
592;3281
593;3318
594;3201
595;3355
596;3440
597;3364
598;3324
599;3266
600;3298
601;3344
602;3235
603;3323
604;3297
605;3254
606;3175
607;3299
608;3119
609;3315
610;3246
611;3129
612;3126
613;3189
614;3256
615;3188
616;3176
617;3141
618;3130
619;3040
620;3069
621;3133
622;3011
623;3050
624;3119
625;3107
626;3074
627;3013
628;3098
629;3025
630;3004
631;3031
632;2847
633;2979
634;3033
635;2961
636;2885
637;3071
638;3037
639;2854
640;2795
641;2904
642;2792
643;2928
644;2871
645;2919
646;2811
647;2820
648;2828
649;2872
650;2782
651;2685
652;2691
653;2815
654;2662
655;2765
656;2740
657;2717
658;2678
659;2717
660;2638
661;2656
662;2689
663;2729
664;2627
665;2702
666;2608
667;2543
668;2543
669;2585
670;2550
671;2529
672;2543
673;2519
674;2499
675;2390
676;2457
677;2497
678;2471
679;2472
680;2472
681;2376
682;2435
683;2382
684;2443
685;2353
686;2399
687;2289
688;2244
689;2399
690;2284
691;2292
692;2252
693;2303
694;2281
695;2206
696;2261
697;2172
698;2225
699;2260
700;2237
701;2231
702;2147
703;2147
704;2112
705;2132
706;2184
707;2158
708;2104
709;2059
710;2025
711;2053
712;1974
713;2030
714;2040
715;1995
716;2047
717;2007
718;1988
719;2058
720;1899
721;1897
722;1977
723;1926
724;1991
725;1886
726;1864
727;1924
728;1927
729;1893
730;1854
731;1751
732;1825
733;1840
734;1769
735;1718
736;1727
737;1675
738;1726
739;1759
740;1710
741;1729
742;1729
743;1708
744;1729
745;1647
746;1636
747;1592
748;1661
749;1611
750;1587
751;1609
752;1563
753;1538
754;1543
755;1562
756;1531
757;1517
758;1547
759;1459
760;1558
761;1493
762;1442
763;1449
764;1491
765;1471
766;1439
767;1419
768;1430
769;1445
770;1381
771;1434
772;1432
773;1369
774;1389
775;1356
776;1339
777;1298
778;1324
779;1311
780;1330
781;1309
782;1180
783;1232
784;1255
785;1278
786;1257
787;1218
788;1182
789;1189
790;1224
791;1212
792;1189
793;1131
794;1139
795;1048
796;1051
797;1143
798;1127
799;1097
800;1094
801;1078
802;1083
803;1072
804;1115
805;1035
806;1050
807;1035
808;1060
809;1012
810;985
811;986
812;1020
813;993
814;954
815;914
816;896
817;877
818;936
819;947
820;890
821;885
822;848
823;885
824;856
825;830
826;897
827;836
828;803
829;786
830;809
831;805
832;823
833;811
834;747
835;818
836;736
837;765
838;715
839;780
840;758
841;718
842;717
843;760
844;708
845;696
846;673
847;672
848;698
849;620
850;620
851;595
852;657
853;611
854;570
855;605
856;599
857;639
858;571
859;567
860;624
861;548
862;542
863;535
864;512
865;544
866;531
867;495
868;507
869;503
870;447
871;524
872;485
873;450
874;449
875;389
876;451
877;421
878;403
879;452
880;417
881;371
882;407
883;403
884;354
885;366
886;363
887;339
888;345
889;339
890;343
891;355
892;322
893;319
894;299
895;279
896;279
897;267
898;270
899;264
900;259
901;258
902;227
903;248
904;222
905;221
906;225
907;206
908;202
909;182
910;200
911;185
912;185
913;176
914;161
915;145
916;155
917;145
918;143
919;135
920;130
921;117
922;110
923;111
924;104
925;85
926;69
927;79
928;78
929;67
930;60
931;53
932;55
933;60
934;40
935;47
936;37
937;26
938;33
939;30
940;19
941;20
942;16
943;16
944;14
945;4
946;7
947;9
948;7
949;6
950;7
951;2
952;3
953;3
954;10
955;8
956;8
957;4
958;5
959;5
960;7
961;5
962;2
963;3
964;5
965;3
966;4
967;2
968;5
969;2
970;4
971;5
972;3
973;5
974;9
975;5
976;4
977;6
978;5
979;8
980;5
981;9
982;4
983;9
984;6
985;3
986;7
987;2
988;6
989;6
990;5
991;10
992;6
993;7
994;11
995;5
996;7
997;5
998;11
999;8
1000;6
1001;5
1002;3
1003;5
1004;3
1005;5
1006;6
1007;4
1008;3
1009;3
1010;10
1011;2
1012;12
1013;4
1014;5
1015;3
1016;7
1017;7
1018;5
1019;7
1020;7
1021;2
1022;3
1023;1
1024;1
