incident radiation;
1;0
2;0
3;0
4;0
5;0
6;0
7;0
8;0
9;0
10;0
11;0
12;0
13;0
14;0
15;0
16;0
17;0
18;0
19;0
20;0
21;0
22;132
23;138
24;138
25;123
26;136
27;139
28;144
29;125
30;123
31;132
32;131
33;130
34;137
35;132
36;132
37;134
38;127
39;138
40;124
41;120
42;138
43;126
44;114
45;120
46;112
47;134
48;105
49;90
50;128
51;120
52;118
53;115
54;130
55;138
56;112
57;125
58;137
59;108
60;116
61;142
62;130
63;126
64;129
65;125
66;133
67;123
68;119
69;129
70;133
71;104
72;122
73;130
74;133
75;124
76;145
77;134
78;111
79;135
80;119
81;150
82;127
83;117
84;133
85;134
86;140
87;137
88;139
89;132
90;140
91;143
92;126
93;119
94;118
95;138
96;136
97;149
98;133
99;131
100;128
101;130
102;141
103;117
104;129
105;154
106;135
107;124
108;138
109;134
110;143
111;165
112;152
113;158
114;141
115;164
116;128
117;157
118;163
119;145
120;155
121;153
122;158
123;150
124;161
125;168
126;148
127;158
128;161
129;181
130;176
131;176
132;187
133;186
134;181
135;173
136;204
137;178
138;185
139;208
140;197
141;180
142;189
143;213
144;193
145;189
146;181
147;210
148;217
149;219
150;199
151;227
152;231
153;224
154;197
155;218
156;215
157;233
158;225
159;235
160;232
161;229
162;255
163;218
164;251
165;265
166;247
167;267
168;287
169;300
170;308
171;258
172;303
173;267
174;300
175;296
176;267
177;275
178;292
179;282
180;287
181;300
182;280
183;303
184;302
185;277
186;264
187;292
188;303
189;310
190;335
191;293
192;305
193;321
194;298
195;338
196;299
197;315
198;317
199;305
200;335
201;348
202;313
203;292
204;331
205;341
206;328
207;339
208;377
209;341
210;332
211;374
212;345
213;398
214;413
215;378
216;411
217;397
218;372
219;407
220;437
221;461
222;390
223;457
224;407
225;437
226;402
227;385
228;400
229;357
230;382
231;318
232;387
233;370
234;331
235;370
236;384
237;423
238;420
239;449
240;468
241;489
242;498
243;516
244;523
245;494
246;471
247;526
248;532
249;572
250;662
251;637
252;636
253;647
254;632
255;609
256;621
257;563
258;528
259;532
260;514
261;544
262;523
263;555
264;483
265;505
266;503
267;442
268;488
269;506
270;512
271;570
272;590
273;634
274;641
275;734
276;733
277;754
278;669
279;720
280;663
281;698
282;761
283;841
284;947
285;1009
286;1007
287;934
288;847
289;820
290;714
291;592
292;584
293;568
294;545
295;535
296;569
297;568
298;565
299;596
300;619
301;602
302;626
303;601
304;600
305;642
306;664
307;694
308;692
309;670
310;698
311;742
312;744
313;770
314;798
315;803
316;776
317;839
318;813
319;833
320;864
321;880
322;861
323;881
324;880
325;929
326;947
327;961
328;935
329;934
330;992
331;991
332;972
333;1022
334;1073
335;1110
336;1099
337;1123
338;1137
339;1145
340;1141
341;1228
342;1309
343;1289
344;1362
345;1417
346;1435
347;1473
348;1453
349;1450
350;1451
351;1491
352;1452
353;1434
354;1408
355;1487
356;1507
357;1455
358;1530
359;1529
360;1589
361;1564
362;1604
363;1676
364;1689
365;1703
366;1815
367;1657
368;1772
369;1803
370;1830
371;1899
372;1908
373;1915
374;1876
375;1973
376;1971
377;1967
378;2024
379;1927
380;2076
381;2126
382;2049
383;2205
384;2185
385;2207
386;2174
387;2278
388;2239
389;2247
390;2429
391;2344
392;2432
393;2457
394;2381
395;2432
396;2377
397;2598
398;2560
399;2590
400;2487
401;2720
402;2609
403;2772
404;2739
405;2775
406;2832
407;2830
408;2869
409;2803
410;2887
411;2985
412;2934
413;2959
414;3082
415;3090
416;2948
417;3161
418;3064
419;3101
420;3194
421;3192
422;3199
423;3246
424;3345
425;3425
426;3251
427;3434
428;3424
429;3470
430;3468
431;3404
432;3483
433;3567
434;3756
435;3758
436;3667
437;3774
438;3802
439;3902
440;3880
441;4094
442;4086
443;4248
444;4599
445;4783
446;5083
447;5431
448;5759
449;6178
450;6827
451;7511
452;8344
453;9252
454;9780
455;10342
456;10288
457;10528
458;10498
459;10137
460;10178
461;10797
462;11390
463;12075
464;12812
465;13380
466;13339
467;12963
468;11644
469;10061
470;8591
471;7201
472;6063
473;5377
474;4935
475;4673
476;4589
477;4636
478;4451
479;4562
480;4450
481;4499
482;4363
483;4428
484;4476
485;4338
486;4460
487;4346
488;4291
489;4342
490;4354
491;4253
492;4338
493;4496
494;4396
495;4327
496;4389
497;4408
498;4421
499;4463
500;4455
501;4436
502;4485
503;4494
504;4593
505;4536
506;4612
507;4490
508;4767
509;4788
510;4933
511;4928
512;5161
513;5139
514;5310
515;5564
516;5601
517;5672
518;5951
519;6141
520;6537
521;6865
522;7253
523;7651
524;7993
525;8295
526;8504
527;8418
528;8225
529;7850
530;7329
531;6712
532;6126
533;5811
534;5350
535;5337
536;5375
537;5199
538;5275
539;5309
540;5456
541;5344
542;5497
543;5313
544;5064
545;4877
546;4776
547;4509
548;4327
549;4099
550;3958
551;3917
552;3808
553;3878
554;3891
555;3898
556;3859
557;3911
558;3925
559;3788
560;3890
561;3851
562;3811
563;3884
564;3760
565;3999
566;3816
567;3849
568;3766
569;3828
570;3788
571;3797
572;3870
573;3762
574;3730
575;3827
576;3690
577;3840
578;3751
579;3753
580;3698
581;3749
582;3758
583;3792
584;3636
585;3728
586;3671
587;3814
588;3659
589;3754
590;3703
591;3689
592;3636
593;3645
594;3600
595;3626
596;3619
597;3626
598;3666
599;3516
600;3559
601;3709
602;3645
603;3526
604;3554
605;3524
606;3484
607;3469
608;3507
609;3445
610;3430
611;3487
612;3395
613;3597
614;3475
615;3398
616;3477
617;3393
618;3523
619;3302
620;3330
621;3337
622;3295
623;3231
624;3356
625;3252
626;3197
627;3349
628;3255
629;3177
630;3184
631;3224
632;3288
633;3106
634;3210
635;3156
636;3191
637;3136
638;3103
639;3159
640;3095
641;3228
642;3145
643;3044
644;3035
645;3031
646;3060
647;3043
648;3029
649;2940
650;3017
651;3000
652;2972
653;2845
654;2941
655;2827
656;2929
657;2959
658;2936
659;2896
660;2830
661;2931
662;2822
663;2849
664;2843
665;2728
666;2772
667;2796
668;2789
669;2810
670;2786
671;2691
672;2667
673;2671
674;2725
675;2664
676;2637
677;2651
678;2711
679;2735
680;2653
681;2572
682;2577
683;2574
684;2449
685;2566
686;2529
687;2519
688;2515
689;2426
690;2615
691;2413
692;2444
693;2442
694;2397
695;2376
696;2378
697;2428
698;2403
699;2351
700;2353
701;2371
702;2421
703;2333
704;2296
705;2292
706;2286
707;2235
708;2263
709;2055
710;2249
711;2196
712;2164
713;2188
714;2207
715;2213
716;2124
717;2061
718;2144
719;2072
720;2105
721;2034
722;2064
723;2084
724;2021
725;1993
726;1948
727;2015
728;1950
729;1960
730;1928
731;1980
732;1925
733;1987
734;1994
735;1933
736;1936
737;1856
738;1902
739;1809
740;1852
741;1813
742;1792
743;1807
744;1770
745;1735
746;1830
747;1683
748;1748
749;1794
750;1767
751;1757
752;1658
753;1603
754;1670
755;1723
756;1563
757;1639
758;1554
759;1576
760;1610
761;1614
762;1541
763;1614
764;1545
765;1540
766;1497
767;1499
768;1452
769;1517
770;1478
771;1414
772;1397
773;1482
774;1458
775;1412
776;1364
777;1404
778;1354
779;1371
780;1404
781;1301
782;1369
783;1372
784;1285
785;1301
786;1358
787;1307
788;1300
789;1296
790;1248
791;1251
792;1245
793;1216
794;1275
795;1253
796;1175
797;1198
798;1206
799;1166
800;1201
801;1157
802;1181
803;1158
804;1096
805;1107
806;1076
807;1107
808;1106
809;1041
810;1022
811;991
812;1054
813;1006
814;1024
815;1015
816;1044
817;1057
818;973
819;976
820;955
821;1000
822;955
823;945
824;974
825;905
826;871
827;945
828;927
829;893
830;841
831;864
832;851
833;872
834;822
835;800
836;809
837;802
838;828
839;833
840;746
841;740
842;813
843;748
844;792
845;747
846;681
847;693
848;695
849;703
850;696
851;654
852;648
853;644
854;657
855;688
856;554
857;636
858;602
859;611
860;614
861;578
862;607
863;532
864;541
865;543
866;532
867;546
868;556
869;548
870;469
871;502
872;493
873;475
874;506
875;432
876;430
877;415
878;432
879;425
880;429
881;470
882;358
883;398
884;384
885;373
886;382
887;372
888;362
889;371
890;338
891;330
892;341
893;321
894;321
895;313
896;289
897;282
898;288
899;273
900;259
901;274
902;247
903;223
904;228
905;219
906;216
907;221
908;176
909;189
910;203
911;152
912;174
913;147
914;160
915;145
916;149
917;131
918;133
919;121
920;113
921;124
922;97
923;82
924;77
925;83
926;81
927;76
928;70
929;64
930;58
931;47
932;45
933;49
934;50
935;33
936;27
937;23
938;36
939;18
940;18
941;15
942;14
943;11
944;12
945;10
946;7
947;8
948;8
949;8
950;9
951;10
952;2
953;6
954;4
955;13
956;6
957;7
958;8
959;7
960;7
961;6
962;11
963;9
964;3
965;7
966;7
967;10
968;6
969;6
970;2
971;7
972;8
973;7
974;13
975;5
976;8
977;2
978;7
979;6
980;5
981;3
982;5
983;9
984;7
985;8
986;2
987;6
988;5
989;4
990;9
991;9
992;5
993;2
994;5
995;6
996;7
997;4
998;3
999;4
1000;4
1001;4
1002;5
1003;6
1004;7
1005;7
1006;5
1007;3
1008;4
1009;3
1010;6
1011;2
1012;8
1013;5
1014;4
1015;12
1016;8
1017;6
1018;6
1019;6
1020;6
1021;3
1022;9
1023;2
1024;6