PbCO3 (resembling biacca);
1;0
2;0
3;0
4;0
5;0
6;0
7;0
8;0
9;0
10;0
11;0
12;0
13;0
14;0
15;0
16;0
17;0
18;0
19;0
20;0
21;0
22;125
23;118
24;124
25;114
26;110
27;123
28;113
29;124
30;132
31;113
32;114
33;112
34;108
35;115
36;121
37;108
38;100
39;123
40;112
41;113
42;102
43;102
44;88
45;106
46;84
47;112
48;107
49;99
50;78
51;115
52;111
53;99
54;90
55;112
56;101
57;112
58;89
59;97
60;114
61;116
62;107
63;123
64;99
65;100
66;117
67;104
68;94
69;97
70;104
71;101
72;120
73;104
74;92
75;99
76;115
77;103
78;98
79;110
80;109
81;124
82;105
83;74
84;109
85;100
86;90
87;93
88;102
89;96
90;103
91;121
92;114
93;108
94;122
95;111
96;103
97;111
98;114
99;113
100;95
101;105
102;124
103;104
104;105
105;115
106;109
107;115
108;116
109;127
110;122
111;121
112;114
113;126
114;111
115;121
116;113
117;122
118;117
119;124
120;108
121;128
122;139
123;141
124;122
125;118
126;133
127;128
128;134
129;126
130;135
131;145
132;128
133;127
134;152
135;166
136;137
137;148
138;127
139;140
140;139
141;138
142;160
143;161
144;148
145;161
146;169
147;153
148;179
149;163
150;172
151;158
152;177
153;168
154;158
155;186
156;161
157;188
158;190
159;186
160;183
161;171
162;190
163;183
164;231
165;216
166;215
167;218
168;224
169;221
170;224
171;242
172;251
173;222
174;240
175;226
176;220
177;218
178;225
179;210
180;225
181;230
182;220
183;215
184;231
185;249
186;247
187;228
188;208
189;255
190;237
191;283
192;270
193;260
194;267
195;208
196;272
197;267
198;244
199;261
200;244
201;248
202;232
203;266
204;258
205;268
206;269
207;292
208;258
209;307
210;292
211;302
212;286
213;307
214;327
215;319
216;305
217;340
218;325
219;308
220;352
221;388
222;356
223;349
224;369
225;326
226;323
227;329
228;310
229;353
230;283
231;303
232;319
233;304
234;331
235;326
236;325
237;353
238;352
239;405
240;392
241;403
242;400
243;434
244;437
245;409
246;404
247;425
248;441
249;427
250;447
251;497
252;567
253;569
254;584
255;550
256;496
257;469
258;456
259;499
260;444
261;450
262;502
263;443
264;438
265;455
266;408
267;375
268;398
269;382
270;422
271;453
272;507
273;569
274;558
275;578
276;626
277;652
278;567
279;585
280;582
281;615
282;637
283;686
284;719
285;752
286;827
287;820
288;763
289;704
290;632
291;554
292;479
293;489
294;448
295;440
296;460
297;447
298;449
299;467
300;430
301;479
302;500
303;475
304;526
305;469
306;504
307;528
308;503
309;533
310;564
311;562
312;589
313;638
314;618
315;654
316;676
317;684
318;635
319;663
320;672
321;656
322;707
323;701
324;689
325;697
326;736
327;754
328;753
329;719
330;722
331;795
332;792
333;771
334;843
335;822
336;813
337;868
338;826
339;898
340;883
341;951
342;975
343;1074
344;1097
345;1129
346;1077
347;1171
348;1171
349;1150
350;1145
351;1180
352;1197
353;1096
354;1155
355;1199
356;1177
357;1183
358;1214
359;1228
360;1287
361;1303
362;1310
363;1397
364;1377
365;1310
366;1339
367;1366
368;1441
369;1407
370;1427
371;1457
372;1471
373;1464
374;1533
375;1595
376;1572
377;1603
378;1613
379;1634
380;1650
381;1703
382;1763
383;1682
384;1718
385;1784
386;1757
387;1838
388;1873
389;1885
390;1932
391;1939
392;1889
393;1921
394;2024
395;2002
396;2029
397;1988
398;2137
399;2123
400;2146
401;2135
402;2203
403;2208
404;2200
405;2261
406;2211
407;2269
408;2313
409;2314
410;2407
411;2426
412;2353
413;2523
414;2431
415;2428
416;2586
417;2510
418;2575
419;2553
420;2586
421;2625
422;2761
423;2728
424;2772
425;2704
426;2796
427;2842
428;2825
429;2784
430;2817
431;2860
432;2935
433;2860
434;3018
435;3085
436;3123
437;3145
438;3157
439;3299
440;3326
441;3349
442;3520
443;3620
444;3656
445;3940
446;4152
447;4233
448;4674
449;5072
450;5573
451;6048
452;6807
453;7314
454;7990
455;8482
456;8776
457;8692
458;8695
459;8749
460;8801
461;8981
462;9392
463;9941
464;10495
465;11241
466;11313
467;10930
468;10112
469;9032
470;7927
471;6774
472;5790
473;5004
474;4442
475;4154
476;4088
477;3944
478;3919
479;3819
480;3838
481;3887
482;3928
483;3863
484;3830
485;3787
486;3753
487;3759
488;3676
489;3800
490;3769
491;3761
492;3802
493;3726
494;3705
495;3738
496;3746
497;3698
498;3806
499;3850
500;3888
501;3864
502;3838
503;3977
504;3899
505;4035
506;4039
507;4019
508;4139
509;4051
510;4112
511;4185
512;4325
513;4301
514;4401
515;4693
516;4818
517;5042
518;5118
519;5368
520;5591
521;5809
522;6150
523;6678
524;6885
525;7184
526;7236
527;7435
528;7360
529;7000
530;6725
531;5968
532;5650
533;5302
534;5129
535;4771
536;4637
537;4516
538;4601
539;4624
540;4645
541;4813
542;4653
543;4667
544;4600
545;4471
546;4327
547;4100
548;3880
549;3708
550;3618
551;3552
552;3623
553;3537
554;3454
555;3462
556;3411
557;3506
558;3413
559;3288
560;3534
561;3336
562;3401
563;3378
564;3353
565;3466
566;3449
567;3323
568;3254
569;3478
570;3430
571;3420
572;3331
573;3461
574;3399
575;3309
576;3334
577;3349
578;3289
579;3411
580;3432
581;3282
582;3299
583;3371
584;3365
585;3286
586;3327
587;3379
588;3234
589;3342
590;3363
591;3296
592;3199
593;3182
594;3178
595;3113
596;3180
597;3135
598;3190
599;3247
600;3176
601;3262
602;3195
603;3202
604;3128
605;3263
606;3176
607;3015
608;3089
609;3115
610;3152
611;3044
612;2905
613;3061
614;2942
615;3038
616;3067
617;3073
618;3021
619;3020
620;3018
621;3048
622;2971
623;2997
624;2894
625;2997
626;2908
627;2960
628;2922
629;2929
630;2876
631;2950
632;2844
633;2917
634;2840
635;2947
636;2782
637;2880
638;2831
639;2844
640;2866
641;2774
642;2787
643;2714
644;2793
645;2698
646;2735
647;2738
648;2727
649;2730
650;2771
651;2556
652;2708
653;2745
654;2756
655;2709
656;2638
657;2616
658;2522
659;2554
660;2646
661;2665
662;2612
663;2641
664;2535
665;2569
666;2601
667;2542
668;2495
669;2445
670;2474
671;2432
672;2413
673;2444
674;2453
675;2434
676;2467
677;2360
678;2314
679;2322
680;2242
681;2300
682;2223
683;2239
684;2225
685;2214
686;2143
687;2166
688;2159
689;2052
690;2023
691;2133
692;2046
693;2018
694;1975
695;1958
696;2064
697;2011
698;1984
699;1902
700;2021
701;1964
702;1939
703;2007
704;1922
705;1909
706;1848
707;1949
708;1881
709;1924
710;1842
711;1948
712;1881
713;1845
714;1794
715;1813
716;1865
717;1776
718;1791
719;1744
720;1756
721;1753
722;1751
723;1730
724;1707
725;1779
726;1639
727;1637
728;1710
729;1673
730;1617
731;1676
732;1652
733;1612
734;1626
735;1619
736;1593
737;1582
738;1564
739;1529
740;1508
741;1544
742;1515
743;1587
744;1555
745;1546
746;1552
747;1485
748;1552
749;1478
750;1461
751;1499
752;1414
753;1411
754;1420
755;1448
756;1434
757;1392
758;1380
759;1402
760;1368
761;1319
762;1370
763;1353
764;1311
765;1334
766;1337
767;1304
768;1336
769;1305
770;1261
771;1286
772;1331
773;1263
774;1242
775;1239
776;1190
777;1272
778;1209
779;1230
780;1224
781;1209
782;1157
783;1184
784;1176
785;1155
786;1168
787;1088
788;1168
789;1116
790;1050
791;1078
792;1070
793;1103
794;1029
795;1026
796;1059
797;1061
798;1038
799;983
800;1033
801;1021
802;1019
803;940
804;1016
805;984
806;971
807;938
808;920
809;940
810;947
811;927
812;913
813;940
814;880
815;879
816;886
817;905
818;876
819;872
820;864
821;845
822;859
823;817
824;828
825;814
826;788
827;815
828;807
829;758
830;756
831;730
832;780
833;723
834;729
835;765
836;714
837;686
838;712
839;653
840;685
841;709
842;666
843;648
844;641
845;634
846;632
847;647
848;597
849;580
850;623
851;582
852;644
853;592
854;544
855;546
856;569
857;526
858;542
859;583
860;566
861;510
862;496
863;517
864;525
865;494
866;462
867;501
868;503
869;452
870;453
871;443
872;433
873;474
874;423
875;399
876;385
877;410
878;407
879;412
880;357
881;381
882;370
883;325
884;337
885;319
886;336
887;305
888;343
889;322
890;307
891;340
892;302
893;298
894;278
895;257
896;267
897;257
898;286
899;243
900;236
901;243
902;250
903;224
904;229
905;185
906;187
907;216
908;220
909;172
910;186
911;181
912;165
913;154
914;149
915;138
916;136
917;126
918;114
919;119
920;122
921;101
922;100
923;105
924;89
925;88
926;81
927;69
928;76
929;51
930;46
931;59
932;51
933;38
934;31
935;35
936;28
937;27
938;33
939;23
940;25
941;16
942;8
943;15
944;9
945;9
946;9
947;5
948;6
949;8
950;2
951;2
952;2
953;5
954;4
955;4
956;2
957;4
958;6
959;6
960;4
961;5
962;5
963;3
964;2
965;2
966;8
967;10
968;5
969;4
970;3
971;4
972;2
973;5
974;2
975;6
976;2
977;7
978;6
979;4
980;4
981;2
982;5
983;6
984;2
985;4
986;7
987;3
988;9
989;5
990;4
991;7
992;9
993;5
994;4
995;2
996;3
997;8
998;2
999;9
1000;5
1001;2
1002;6
1003;2
1004;5
1005;3
1006;7
1007;8
1008;4
1009;2
1010;9
1011;4
1012;2
1013;7
1014;4
1015;5
1016;4
1017;4
1018;5
1019;4
1020;5
1021;10
1022;5
1023;1
1024;5
