madder lake (C14H8O4);
1;0
2;0
3;0
4;0
5;0
6;0
7;0
8;0
9;0
10;0
11;0
12;0
13;0
14;0
15;0
16;0
17;0
18;0
19;0
20;0
21;0
22;119
23;136
24;133
25;138
26;116
27;122
28;128
29;127
30;116
31;122
32;126
33;113
34;121
35;123
36;113
37;122
38;122
39;114
40;123
41;114
42;101
43;142
44;131
45;107
46;107
47;111
48;105
49;93
50;117
51;112
52;131
53;95
54;101
55;94
56;113
57;111
58;116
59;111
60;137
61;99
62;106
63;107
64;101
65;103
66;99
67;110
68;132
69;84
70;131
71;118
72;118
73;112
74;110
75;122
76;124
77;119
78;122
79;123
80;121
81;115
82;119
83;131
84;127
85;109
86;109
87;131
88;119
89;120
90;121
91;112
92;101
93;134
94;137
95;109
96;140
97;138
98;121
99;124
100;114
101;130
102;112
103;122
104;117
105;111
106;134
107;124
108;123
109;127
110;120
111;116
112;149
113;147
114;136
115;139
116;132
117;144
118;145
119;126
120;120
121;144
122;142
123;144
124;138
125;129
126;144
127;116
128;150
129;178
130;154
131;143
132;147
133;147
134;158
135;149
136;161
137;168
138;167
139;162
140;169
141;160
142;169
143;159
144;162
145;174
146;175
147;199
148;164
149;170
150;175
151;183
152;183
153;203
154;205
155;179
156;182
157;202
158;178
159;194
160;209
161;203
162;223
163;247
164;252
165;240
166;238
167;256
168;233
169;241
170;279
171;259
172;261
173;254
174;260
175;251
176;268
177;226
178;238
179;272
180;248
181;266
182;272
183;278
184;274
185;274
186;260
187;296
188;256
189;279
190;276
191;273
192;294
193;273
194;309
195;293
196;270
197;257
198;289
199;318
200;306
201;295
202;277
203;270
204;305
205;272
206;296
207;311
208;300
209;305
210;332
211;319
212;331
213;357
214;350
215;329
216;345
217;374
218;320
219;335
220;357
221;358
222;353
223;370
224;350
225;366
226;357
227;328
228;352
229;342
230;329
231;328
232;308
233;322
234;346
235;360
236;365
237;368
238;398
239;400
240;445
241;426
242;442
243;455
244;461
245;449
246;436
247;457
248;517
249;523
250;598
251;582
252;640
253;636
254;604
255;594
256;533
257;507
258;567
259;498
260;452
261;468
262;501
263;498
264;488
265;463
266;429
267;430
268;442
269;457
270;447
271;469
272;562
273;579
274;597
275;611
276;673
277;637
278;657
279;680
280;671
281;671
282;711
283;742
284;805
285;872
286;864
287;814
288;816
289;773
290;656
291;589
292;544
293;483
294;466
295;488
296;496
297;523
298;507
299;509
300;497
301;526
302;519
303;512
304;512
305;530
306;591
307;565
308;621
309;663
310;630
311;628
312;676
313;690
314;748
315;696
316;686
317;761
318;739
319;772
320;743
321;755
322;747
323;752
324;769
325;791
326;821
327;880
328;836
329;804
330;924
331;855
332;942
333;860
334;907
335;946
336;908
337;998
338;997
339;1012
340;1094
341;1061
342;1093
343;1112
344;1183
345;1222
346;1177
347;1327
348;1292
349;1379
350;1320
351;1223
352;1310
353;1304
354;1305
355;1336
356;1267
357;1300
358;1364
359;1385
360;1437
361;1396
362;1410
363;1470
364;1629
365;1523
366;1493
367;1470
368;1534
369;1597
370;1537
371;1590
372;1593
373;1631
374;1740
375;1746
376;1779
377;1660
378;1832
379;1838
380;1861
381;1817
382;1874
383;1921
384;1913
385;1991
386;1971
387;2027
388;1941
389;2042
390;2023
391;2044
392;2097
393;2100
394;2223
395;2219
396;2208
397;2327
398;2276
399;2312
400;2333
401;2292
402;2346
403;2285
404;2463
405;2468
406;2465
407;2511
408;2479
409;2561
410;2506
411;2634
412;2553
413;2603
414;2667
415;2716
416;2711
417;2724
418;2768
419;2719
420;2767
421;2792
422;2854
423;2956
424;2819
425;2980
426;2958
427;2975
428;2986
429;3071
430;3071
431;3124
432;3160
433;3140
434;3253
435;3349
436;3336
437;3308
438;3427
439;3546
440;3530
441;3695
442;3775
443;3947
444;3915
445;4206
446;4569
447;4688
448;4928
449;5524
450;5882
451;6431
452;7273
453;7870
454;8649
455;9141
456;9297
457;9427
458;9651
459;9449
460;9312
461;9418
462;9821
463;10418
464;11297
465;11866
466;12113
467;11965
468;10961
469;9909
470;8513
471;7231
472;6201
473;5335
474;4816
475;4496
476;4222
477;4134
478;4256
479;4168
480;4006
481;4051
482;4058
483;4105
484;4053
485;4056
486;4033
487;3885
488;3912
489;3936
490;3926
491;3942
492;3968
493;3972
494;3974
495;3897
496;3975
497;4090
498;4025
499;3945
500;4097
501;4097
502;4081
503;4131
504;4122
505;4217
506;4197
507;4229
508;4386
509;4365
510;4375
511;4471
512;4530
513;4679
514;4695
515;4922
516;5041
517;5120
518;5355
519;5689
520;5846
521;6068
522;6496
523;6935
524;7184
525;7560
526;7693
527;7561
528;7662
529;7321
530;6819
531;6528
532;6053
533;5618
534;5101
535;4952
536;4852
537;4778
538;4750
539;4972
540;4979
541;5029
542;4900
543;4974
544;4703
545;4496
546;4446
547;4261
548;3989
549;3807
550;3953
551;3662
552;3626
553;3596
554;3534
555;3558
556;3634
557;3558
558;3629
559;3560
560;3545
561;3496
562;3475
563;3469
564;3601
565;3577
566;3408
567;3413
568;3571
569;3472
570;3415
571;3413
572;3518
573;3610
574;3512
575;3474
576;3435
577;3425
578;3383
579;3434
580;3419
581;3395
582;3395
583;3383
584;3393
585;3393
586;3479
587;3339
588;3565
589;3237
590;3385
591;3345
592;3459
593;3357
594;3268
595;3318
596;3268
597;3350
598;3346
599;3282
600;3286
601;3320
602;3326
603;3229
604;3173
605;3110
606;3255
607;3186
608;3319
609;3251
610;3156
611;3154
612;3108
613;3143
614;3209
615;3205
616;3157
617;3150
618;3090
619;3120
620;3079
621;3124
622;3112
623;3042
624;3033
625;3037
626;2996
627;3116
628;3037
629;2971
630;3068
631;2987
632;2942
633;2912
634;2954
635;2908
636;2970
637;2943
638;2884
639;2864
640;2934
641;2792
642;2889
643;2832
644;2794
645;2825
646;2844
647;2757
648;2734
649;2716
650;2886
651;2683
652;2748
653;2651
654;2733
655;2718
656;2691
657;2732
658;2693
659;2746
660;2659
661;2691
662;2555
663;2591
664;2544
665;2576
666;2651
667;2612
668;2542
669;2557
670;2540
671;2571
672;2589
673;2465
674;2431
675;2553
676;2516
677;2443
678;2472
679;2605
680;2484
681;2396
682;2419
683;2416
684;2317
685;2418
686;2420
687;2389
688;2418
689;2320
690;2275
691;2275
692;2282
693;2250
694;2246
695;2279
696;2264
697;2275
698;2211
699;2164
700;2132
701;2150
702;2212
703;2112
704;2183
705;2047
706;2018
707;2120
708;2172
709;2119
710;1994
711;2056
712;1968
713;2046
714;1923
715;1984
716;2006
717;1920
718;2003
719;1962
720;1957
721;1885
722;1848
723;1878
724;1862
725;1891
726;1855
727;1848
728;1885
729;1809
730;1797
731;1812
732;1812
733;1889
734;1766
735;1760
736;1828
737;1762
738;1825
739;1724
740;1704
741;1753
742;1622
743;1700
744;1628
745;1672
746;1625
747;1696
748;1656
749;1647
750;1541
751;1588
752;1561
753;1574
754;1533
755;1638
756;1560
757;1500
758;1496
759;1463
760;1522
761;1464
762;1455
763;1412
764;1465
765;1397
766;1398
767;1367
768;1445
769;1378
770;1393
771;1379
772;1370
773;1364
774;1365
775;1341
776;1332
777;1343
778;1279
779;1295
780;1183
781;1234
782;1260
783;1261
784;1225
785;1260
786;1233
787;1126
788;1227
789;1200
790;1134
791;1195
792;1165
793;1114
794;1151
795;1161
796;1103
797;1121
798;1183
799;1107
800;1084
801;1090
802;1133
803;1021
804;1044
805;1061
806;991
807;982
808;1063
809;929
810;982
811;992
812;925
813;959
814;938
815;988
816;1001
817;912
818;899
819;897
820;908
821;888
822;831
823;876
824;900
825;832
826;859
827;803
828;809
829;851
830;773
831;792
832;821
833;751
834;749
835;804
836;748
837;750
838;782
839;726
840;701
841;681
842;722
843;701
844;694
845;737
846;668
847;688
848;643
849;606
850;629
851;604
852;624
853;634
854;645
855;568
856;566
857;537
858;602
859;534
860;551
861;558
862;536
863;552
864;507
865;534
866;537
867;489
868;491
869;493
870;483
871;458
872;491
873;464
874;443
875;455
876;419
877;390
878;464
879;386
880;414
881;421
882;338
883;394
884;389
885;381
886;365
887;364
888;354
889;325
890;314
891;343
892;318
893;321
894;276
895;279
896;312
897;276
898;271
899;270
900;261
901;257
902;243
903;236
904;224
905;236
906;213
907;242
908;217
909;190
910;200
911;196
912;158
913;159
914;155
915;149
916;121
917;132
918;125
919;126
920;139
921;111
922;94
923;90
924;70
925;85
926;95
927;82
928;77
929;68
930;52
931;52
932;49
933;50
934;38
935;41
936;43
937;35
938;17
939;16
940;32
941;11
942;13
943;12
944;5
945;11
946;5
947;5
948;6
949;11
950;3
951;7
952;6
953;6
954;2
955;5
956;7
957;8
958;1
959;7
960;5
961;3
962;9
963;6
964;5
965;6
966;3
967;8
968;6
969;8
970;5
971;7
972;2
973;5
974;5
975;5
976;6
977;6
978;7
979;9
980;8
981;9
982;1
983;5
984;10
985;4
986;10
987;2
988;9
989;3
990;7
991;9
992;5
993;6
994;1
995;4
996;5
997;5
998;7
999;5
1000;4
1001;8
1002;7
1003;5
1004;3
1005;4
1006;5
1007;4
1008;6
1009;3
1010;9
1011;3
1012;7
1013;3
1014;4
1015;6
1016;7
1017;6
1018;5
1019;4
1020;5
1021;6
1022;7
1023;3
1024;4
