Energy_keV;Total_attenuation
-6.464225205265217156e-02;0.000000000000000000e+00
6.568486902124329174e-02;0.000000000000000000e+00
1.960119900951387828e-01;0.000000000000000000e+00
3.263391111690342461e-01;-3.705398607686091923e-03
4.566662322429296816e-01;-1.289452247936756328e-02
5.869933533168251172e-01;-2.434785096023415335e-02
7.173204743907206637e-01;-1.200484706365786275e-02
8.476475954646162103e-01;-1.110392178852394503e-02
9.779747165385117569e-01;-1.816959844185282030e-02
1.108301837612407192e+00;-2.158973478607285196e-02
1.238628958686302628e+00;-5.107421208532195861e-03
1.368956079760198064e+00;-7.985363964795819938e-04
1.499283200834093499e+00;-6.289279696839913079e-03
1.629610321907988935e+00;-3.746358835165364796e-03
1.759937442981884370e+00;2.307537742496437727e-03
1.890264564055779806e+00;1.373918992244549907e-02
2.020591685129675241e+00;2.247932614144186256e-02
2.150918806203570455e+00;2.618472474912795361e-02
2.281245927277465668e+00;3.490239410636684220e-02
2.411573048351361326e+00;4.225150362379913316e-02
2.541900169425256983e+00;4.562356766357576060e-02
2.672227290499152197e+00;4.562356766357576060e-02
2.802554411573048299e+00;3.968775232160666466e-02
2.932881532646943956e+00;4.612110014181447504e-02
3.063208653720839170e+00;6.227800005902150993e-02
3.193535774794734827e+00;6.933826075032137326e-02
3.323862895868630485e+00;6.025222196229318428e-02
3.454190016942525698e+00;6.134359211451925753e-02
3.584517138016421356e+00;6.575377750215069539e-02
3.714844259090317014e+00;5.523824372291971652e-02
3.845171380164212227e+00;3.875593014537905001e-02
3.975498501238107885e+00;3.074164672564034043e-02
4.105825622312003098e+00;4.140130774869243274e-02
4.236152743385898312e+00;4.407638765323001334e-02
4.366479864459794413e+00;4.664105237260754433e-02
4.496806985533689627e+00;3.568787274346602034e-02
4.627134106607584840e+00;3.314121061010893987e-02
4.757461227681480942e+00;3.351046371498199450e-02
4.887788348755376155e+00;3.198218899732868659e-02
5.018115469829271369e+00;2.782565307922303319e-02
5.148442590903167471e+00;2.842042615127245847e-02
5.278769711977062684e+00;2.946213049641455833e-02
5.409096833050957898e+00;3.027719556698018483e-02
5.539423954124853999e+00;3.311052810996968632e-02
5.669751075198749213e+00;2.385925022278470239e-02
5.800078196272644426e+00;3.338502571535557906e-02
5.930405317346540528e+00;3.103717656096702943e-02
6.060732438420435741e+00;3.855621794866044560e-02
6.191059559494330955e+00;4.487827286863534104e-02
6.321386680568227057e+00;6.388741600032935009e-02
6.451713801642123158e+00;6.661536521285106593e-02
6.582040922716017484e+00;6.674781562142990954e-02
6.712368043789913585e+00;6.157889789873816078e-02
6.842695164863807911e+00;6.303746676375214519e-02
6.973022285937704012e+00;4.858269175130575795e-02
7.103349407011598338e+00;4.861704420885767236e-02
7.233676528085495328e+00;4.581469994015643921e-02
7.364003649159389653e+00;3.622989122091657688e-02
7.494330770233285755e+00;2.337406231598083278e-02
7.624657891307180968e+00;2.311119692995684122e-02
7.754985012381077070e+00;3.400693599152736918e-02
7.885312133454971395e+00;2.978956136026896656e-02
8.015639254528867497e+00;3.593075521323280119e-02
8.145966375602762710e+00;3.615369340769469114e-02
8.276293496676659700e+00;3.760384262509351705e-02
8.406620617750554914e+00;3.288954740561518542e-02
8.536947738824448351e+00;4.724951392901476088e-02
8.667274859898347117e+00;4.452825417191445118e-02
8.797601980972242330e+00;4.428182686185699185e-02
8.927929102046137544e+00;3.369819684693329404e-02
9.058256223120030981e+00;2.434901835194500097e-02
9.188583344193927971e+00;3.583316681179696261e-02
9.318910465267821408e+00;3.980637537950930394e-02
9.449237586341718398e+00;3.483937398569713489e-02
9.579564707415615388e+00;4.432092624150860138e-02
9.709891828489510601e+00;5.113827494274290897e-02
9.840218949563405815e+00;5.751258274184314206e-02
9.970546070637301028e+00;8.158154148000047734e-02
1.010087319171119447e+01;8.774059056750121988e-02
1.023120031278509146e+01;9.264580494950143408e-02
1.036152743385898667e+01;8.030477145744945033e-02
1.049185455493288366e+01;8.832293304306161608e-02
1.062218167600678065e+01;9.194717680613606614e-02
1.075250879708067409e+01;7.656840646565769848e-02
1.088283591815456930e+01;7.392545595748777065e-02
1.101316303922846274e+01;6.970774812506584650e-02
1.114349016030235973e+01;5.966730584348559768e-02
1.127381728137625494e+01;5.122418567248809146e-02
1.140414440245015193e+01;3.948451259218004744e-02
1.153447152352404714e+01;4.812068744792745434e-02
1.166479864459794236e+01;5.554838582688822329e-02
1.179512576567183579e+01;5.173784314918526694e-02
1.192545288674573278e+01;5.688071242117066079e-02
1.205578000781962800e+01;6.604715887174907041e-02
1.218610712889352499e+01;5.012329097626198882e-02
1.231643424996742020e+01;4.897381506502705012e-02
1.244676137104131541e+01;3.301866658165554524e-02
1.257708849211520885e+01;1.761051324161563500e-02
1.270741561318910584e+01;1.213293040831065796e-02
1.283774273426300105e+01;6.900825910810468033e-03
1.296806985533689804e+01;2.463340014359037457e-03
1.309839697641079326e+01;-4.921348859944928069e-04
1.322872409748468847e+01;6.526261843360410368e-03
1.335905121855858368e+01;2.289808683367687211e-02
1.348937833963247712e+01;3.222521288541679158e-02
1.361970546070637411e+01;4.780281179995123780e-02
1.375003258178026933e+01;4.692474045345387812e-02
1.388035970285416631e+01;5.327923104891209988e-02
1.401068682392806153e+01;7.146112813553162635e-02
1.414101394500195497e+01;7.409687346534417351e-02
1.427134106607585018e+01;7.591272813747712567e-02
1.440166818714974717e+01;7.001976396577856698e-02
1.453199530822364238e+01;7.042603433797442469e-02
1.466232242929753937e+01;6.812359668847649263e-02
1.479264955037143636e+01;8.688176749583889635e-02
1.492297667144532980e+01;8.783177505742215119e-02
1.505330379251922501e+01;1.015768127970568813e-01
1.518363091359312200e+01;9.721398382512054515e-02
1.531395803466701722e+01;1.034260072820808313e-01
1.544428515574091243e+01;1.074554129145929154e-01
1.557461227681480942e+01;1.197327609301152562e-01
1.570493939788870286e+01;1.364370819789396116e-01
1.583526651896259629e+01;1.350137185372505821e-01
1.596559364003649151e+01;1.333255786529365106e-01
1.609592076111038494e+01;1.248953872941024335e-01
1.622624788218428193e+01;1.264485168911615165e-01
1.635657500325817892e+01;1.277218472130145221e-01
1.648690212433207591e+01;1.233338803812804724e-01
1.661722924540596935e+01;1.029060653473886228e-01
1.674755636647986634e+01;9.742920322424128421e-02
1.687788348755375978e+01;9.788908761117448565e-02
1.700821060862765677e+01;1.032974272788125952e-01
1.713853772970155376e+01;1.049984379791548961e-01
1.726886485077544720e+01;1.034582274151590181e-01
1.739919197184934063e+01;9.466603508034152070e-02
1.752951909292323762e+01;8.186889545504924537e-02
1.765984621399713106e+01;6.899454840481915319e-02
1.779017333507102450e+01;6.968858963354145064e-02
1.792050045614492149e+01;7.283449945416488325e-02
1.805082757721881492e+01;6.791393430596227854e-02
1.818115469829271547e+01;6.081455559896681295e-02
1.831148181936661246e+01;4.706159574774979037e-02
1.844180894044050945e+01;4.025459535235302588e-02
1.857213606151440288e+01;4.226784351965665043e-02
1.870246318258829632e+01;5.225932411623591262e-02
1.883279030366219331e+01;3.827428687517085010e-02
1.896311742473609030e+01;4.157671199510647869e-02
1.909344454580998374e+01;4.573775988197975595e-02
1.922377166688387717e+01;6.451207979886765254e-02
1.935409878795777416e+01;6.195874849164319936e-02
1.948442590903166760e+01;6.374524853734168939e-02
1.961475303010556104e+01;6.688550873124439466e-02
1.974508015117945448e+01;5.922760120424758190e-02
1.987540727225335502e+01;5.461556442502274455e-02
2.000573439332725201e+01;6.189402536765371138e-02
2.013606151440114900e+01;7.067430610907961264e-02
2.026638863547504599e+01;7.456756777160712668e-02
2.039671575654894298e+01;7.966406679965898352e-02
2.052704287762283286e+01;8.027447579189371518e-02
2.065736999869672985e+01;8.060391693579435635e-02
2.078769711977062329e+01;8.381643999675020273e-02
2.091802424084451673e+01;7.917530131455129128e-02
2.104835136191841372e+01;7.748356933560879289e-02
2.117867848299230715e+01;7.330599678688848320e-02
2.130900560406620059e+01;7.132557667997366235e-02
2.143933272514009758e+01;7.464140648428191360e-02
2.156965984621399812e+01;6.611831018484827516e-02
2.169998696728789511e+01;6.107451553603895217e-02
2.183031408836179210e+01;5.483440856425291637e-02
2.196064120943568909e+01;6.343540073908086885e-02
2.209096833050958253e+01;5.442017357128538929e-02
2.222129545158347597e+01;4.693922993327304810e-02
2.235162257265736940e+01;4.939196266052771345e-02
2.248194969373126639e+01;4.808178980448950257e-02
2.261227681480515983e+01;4.818588546648278070e-02
2.274260393587905327e+01;4.226138174837943545e-02
2.287293105695294670e+01;5.634422762376073424e-02
2.300325817802684014e+01;4.899251387184259260e-02
2.313358529910074068e+01;4.180437361991733852e-02
2.326391242017463767e+01;3.885909012223980746e-02
2.339423954124853466e+01;4.628554904486612692e-02
2.352456666232243521e+01;4.752725835781747982e-02
2.365489378339632864e+01;4.133889579903128608e-02
2.378522090447022208e+01;3.618387015311316096e-02
2.391554802554411907e+01;3.565119852098357772e-02
2.404587514661801251e+01;4.045128805065138083e-02
2.417620226769190594e+01;4.529878180969405116e-02
2.430652938876579938e+01;4.570110285767458452e-02
2.443685650983969637e+01;4.323647276306578219e-02
2.456718363091358981e+01;3.335403335276391351e-02
2.469751075198748325e+01;3.482134001259525741e-02
2.482783787306138024e+01;3.727300664033240951e-02
2.495816499413528078e+01;3.272311726805688520e-02
2.508849211520917777e+01;2.869254451691365462e-02
2.521881923628307476e+01;2.653300809912336605e-02
2.534914635735696820e+01;3.288120814704346279e-02
2.547947347843086163e+01;1.914006748399702321e-02
2.560980059950475862e+01;2.310395399432657246e-02
2.574012772057865206e+01;2.586894993823094999e-02
2.587045484165254550e+01;2.754119796797007552e-02
2.600078196272644249e+01;2.110387502835559675e-02
2.613110908380033592e+01;1.489941781063718051e-02
2.626143620487422936e+01;2.190374018602134903e-02
2.639176332594812990e+01;2.876559559953946466e-02
2.652209044702202689e+01;2.333606622592850066e-02
2.665241756809592388e+01;1.888908128186963034e-02
2.678274468916982087e+01;1.221376174127513682e-02
2.691307181024371786e+01;1.683468830723530707e-02
2.704339893131761130e+01;1.761709387555185358e-02
2.717372605239150474e+01;2.001370771596851228e-02
2.730405317346539817e+01;2.475811032973561365e-02
2.743438029453929516e+01;2.511472888715520629e-02
2.756470741561318505e+01;2.927033331827149851e-02
2.769503453668708204e+01;2.848435062249312158e-02
2.782536165776097548e+01;2.254265022737520288e-02
2.795568877883486891e+01;1.775893699885988317e-02
2.808601589990876946e+01;2.764261138904143197e-02
2.821634302098266645e+01;2.344688275087022586e-02
2.834667014205656344e+01;2.510344349122965724e-02
2.847699726313046042e+01;2.649581694971714363e-02
2.860732438420435741e+01;2.088191119615918565e-02
2.873765150527825085e+01;2.412683516547425161e-02
2.886797862635214784e+01;1.728625905663453907e-02
2.899830574742604128e+01;1.626552934554408025e-02
2.912863286849993472e+01;1.408681660350374551e-02
2.925895998957382815e+01;1.475048806664706717e-02
2.938928711064772159e+01;2.339691716170163444e-02
2.951961423172161858e+01;2.242357737446921961e-02
2.964994135279551202e+01;2.698933309649351187e-02
2.978026847386940901e+01;3.279952805758417494e-02
2.991059559494330600e+01;3.553649020152126886e-02
3.004092271601720299e+01;3.771437701242461721e-02
3.017124983709110353e+01;3.760788069953336504e-02
3.030157695816499697e+01;3.953493775748233297e-02
3.043190407923889040e+01;4.359184583995921736e-02
3.056223120031278739e+01;4.918858511206355283e-02
3.069255832138668083e+01;4.262966481443782041e-02
3.082288544246057427e+01;4.720238751212689488e-02
3.095321256353446771e+01;4.565674783773134709e-02
3.108353968460836469e+01;4.272451971467754184e-02
3.121386680568225813e+01;3.816008621251468919e-02
3.134419392675615867e+01;4.437331667373319022e-02
3.147452104783005566e+01;5.213569189203030863e-02
3.160484816890395265e+01;5.518698125183758157e-02
3.173517528997784964e+01;6.361672050836589265e-02
3.186550241105174308e+01;5.926355121680866589e-02
3.199582953212563652e+01;4.479220439003970405e-02
3.212615665319952996e+01;3.912674908780276739e-02
3.225648377427342695e+01;3.570653842849842718e-02
3.238681089534732394e+01;3.580456869352401095e-02
3.251713801642122093e+01;3.368762519111818260e-02
3.264746513749511081e+01;2.731947302531765459e-02
3.277779225856900780e+01;3.135011613610751841e-02
3.290811937964289768e+01;3.463700156751281511e-02
3.303844650071680178e+01;3.377688764104047614e-02
3.316877362179069877e+01;3.264335462983145725e-02
3.329910074286459576e+01;3.360938195713557980e-02
3.342942786393849275e+01;3.102698845974804012e-02
3.355975498501238263e+01;3.607391126898112921e-02
3.369008210608627962e+01;4.288317750654707661e-02
3.382040922716017661e+01;4.651528855829002718e-02
3.395073634823407360e+01;4.355406095997460536e-02
3.408106346930797059e+01;4.349927021899293450e-02
3.421139059038186758e+01;4.521315011124941996e-02
3.434171771145575747e+01;4.227816290306250085e-02
3.447204483252965446e+01;4.457660317715126524e-02
3.460237195360355145e+01;5.703176144156452132e-02
3.473269907467744133e+01;6.145190428276595812e-02
3.486302619575133832e+01;6.393962243879748597e-02
3.499335331682524242e+01;6.451029033512963029e-02
3.512368043789913230e+01;6.971357829711515020e-02
3.525400755897302929e+01;7.285294778352122136e-02
3.538433468004692628e+01;6.667287168824873045e-02
3.551466180112082327e+01;6.680381894773010365e-02
3.564498892219471315e+01;7.470615179415768248e-02
3.577531604326861014e+01;7.148911595588519630e-02
3.590564316434250003e+01;6.869222619930037688e-02
3.603597028541639702e+01;7.372531869088545797e-02
3.616629740649028690e+01;7.534233765575872044e-02
3.629662452756418389e+01;7.386670454551917675e-02
3.642695164863808088e+01;7.821727339500066101e-02
3.655727876971197787e+01;7.628301551821803361e-02
3.668760589078587486e+01;7.535708104106403349e-02
3.681793301185976475e+01;7.096234243784897699e-02
3.694826013293366174e+01;7.114064258362570725e-02
3.707858725400756583e+01;7.004103361219322921e-02
3.720891437508146282e+01;6.870472404998068106e-02
3.733924149615535981e+01;6.972396807460140566e-02
3.746956861722925680e+01;7.005651553330630166e-02
3.759989573830315379e+01;6.897283005425916547e-02
3.773022285937704368e+01;6.502211017119403913e-02
3.786054998045094777e+01;6.913676968227885911e-02
3.799087710152483766e+01;6.924510294074874561e-02
3.812120422259873465e+01;7.441786672440514616e-02
3.825153134367262453e+01;7.496853210983409066e-02
3.838185846474652152e+01;7.432795395312406794e-02
3.851218558582041851e+01;7.488100642313587352e-02
3.864251270689430839e+01;7.192182203870688129e-02
3.877283982796820538e+01;6.946504144454386520e-02
3.890316694904209527e+01;7.251936676913739444e-02
3.903349407011599226e+01;7.261361750392597569e-02
3.916382119118988925e+01;7.374043550244854806e-02
3.929414831226378624e+01;7.784614994297034407e-02
3.942447543333767612e+01;7.405773518790816079e-02
3.955480255441157311e+01;6.961469713616699750e-02
3.968512967548547010e+01;7.639915885927914263e-02
3.981545679655935999e+01;7.400232473235461572e-02
3.994578391763325698e+01;7.262531873592401044e-02
4.007611103870714686e+01;7.250458755203190164e-02
4.020643815978104385e+01;6.935095737927815529e-02
4.033676528085494084e+01;7.077855345185080083e-02
4.046709240192884494e+01;6.657346792047026673e-02
4.059741952300274903e+01;6.762228869985086044e-02
4.072774664407664602e+01;6.704030469781710466e-02
4.085807376515055012e+01;5.858850286608470459e-02
4.098840088622444000e+01;5.990552876981070085e-02
4.111872800729832989e+01;5.938268478434210323e-02
4.124905512837221977e+01;6.799528279132102671e-02
4.137938224944612386e+01;6.856738755984947975e-02
4.150970937052001375e+01;6.392951253783114851e-02
4.164003649159391074e+01;6.254517590371887203e-02
4.177036361266780773e+01;6.507424623326635293e-02
4.190069073374169761e+01;6.004325743525774223e-02
4.203101785481558750e+01;6.314723622548099047e-02
4.216134497588949159e+01;6.575889636986456677e-02
4.229167209696338148e+01;6.231074865945331748e-02
4.242199921803727136e+01;6.289954727170439519e-02
4.255232633911117546e+01;6.544747125439630275e-02
4.268265346018506534e+01;6.466488426503894105e-02
4.281298058125895523e+01;6.475885136970858935e-02
4.294330770233285222e+01;6.340197052826813950e-02
4.307363482340674921e+01;6.249876592909468787e-02
4.320396194448063909e+01;6.475399712303807342e-02
4.333428906555453608e+01;6.565526799998570862e-02
4.346461618662843307e+01;6.753452202414693406e-02
4.359494330770232295e+01;7.190879177982760495e-02
4.372527042877621994e+01;6.870647122377657179e-02
4.385559754985013114e+01;6.044558400284827382e-02
4.398592467092402813e+01;5.943387747899640805e-02
4.411625179199793223e+01;6.230494316030076030e-02
4.424657891307182922e+01;6.329665773583126320e-02
4.437690603414571910e+01;6.703910061050084856e-02
4.450723315521960899e+01;7.170712942485560348e-02
4.463756027629351308e+01;7.175408848328466982e-02
4.476788739736740297e+01;7.523083369806818355e-02
4.489821451844129285e+01;7.518540876771726000e-02
4.502854163951519695e+01;7.415366017381605501e-02
4.515886876058908683e+01;6.899628624683312728e-02
4.528919588166297672e+01;6.485043039403635967e-02
4.541952300273686660e+01;6.674961465117960902e-02
4.554985012381077070e+01;6.120843533798386166e-02
4.568017724488466058e+01;6.553933651995740017e-02
4.581050436595855757e+01;6.216508994008831945e-02
4.594083148703245456e+01;5.942479054614804163e-02
4.607115860810634445e+01;6.314958558898577101e-02
4.620148572918023433e+01;6.157587835394982834e-02
4.633181285025413843e+01;6.846934400038449942e-02
4.646213997132802831e+01;7.041995266343648030e-02
4.659246709240192530e+01;6.917443387996738413e-02
4.672279421347582229e+01;6.478691618450466150e-02
4.685312133454971217e+01;6.455882754030028980e-02
4.698344845562360916e+01;5.931998625744877573e-02
4.711377557669752036e+01;5.613786072330213817e-02
4.724410269777141735e+01;5.674790079609570714e-02
4.737442981884531434e+01;5.677522720477896218e-02
4.750475693991921844e+01;5.563888664334237094e-02
4.763508406099310832e+01;5.684871911682611717e-02
4.776541118206699821e+01;6.435826957909394908e-02
4.789573830314088809e+01;6.790520313086470527e-02
4.802606542421479219e+01;6.839668614406133051e-02
4.815639254528868207e+01;7.264730051883272477e-02
4.828671966636257906e+01;7.390792282273911384e-02
4.841704678743647605e+01;7.312270961649068590e-02
4.854737390851036594e+01;7.021918026480075681e-02
4.867770102958425582e+01;6.601248031236812974e-02
4.880802815065815992e+01;6.704842551674541906e-02
4.893835527173204980e+01;6.317358464420129438e-02
4.906868239280594679e+01;6.247153342988654573e-02
4.919900951387984378e+01;6.326406128698497389e-02
4.932933663495373366e+01;6.868569295990700763e-02
4.945966375602762355e+01;6.747604516886014647e-02
4.958999087710152054e+01;6.657797878554741478e-02
4.972031799817541753e+01;6.617097049235608208e-02
4.985064511924930741e+01;6.738124987218307993e-02
4.998097224032321151e+01;6.562291799184767627e-02
5.011129936139710139e+01;6.495318499185712136e-02
5.024162648247099128e+01;6.456010323069147350e-02
5.037195360354488827e+01;5.746011360479201524e-02
5.050228072461879947e+01;5.571004300149536709e-02
5.063260784569269646e+01;5.359749067421705482e-02
5.076293496676660766e+01;5.331046151164679781e-02
5.089326208784049754e+01;4.981821299451585222e-02
5.102358920891438743e+01;5.210912035661600938e-02
5.115391632998827731e+01;5.216903329895503094e-02
5.128424345106218141e+01;5.296376508926520232e-02
5.141457057213607129e+01;5.027054257476135102e-02
5.154489769320996118e+01;5.203652599119921313e-02
5.167522481428386527e+01;5.372616041050894131e-02
5.180555193535775516e+01;5.150858093272273758e-02
5.193587905643164504e+01;4.670912740362546250e-02
5.206620617750554203e+01;4.521686085889413398e-02
5.219653329857943902e+01;4.753757920720983604e-02
5.232686041965332890e+01;4.737866462305967419e-02
5.245718754072723300e+01;4.668929641900481514e-02
5.258751466180112288e+01;4.674901199785761602e-02
5.271784178287501277e+01;4.904777504024949303e-02
5.284816890394890265e+01;5.041851109400753705e-02
5.297849602502280675e+01;5.527637511462191872e-02
5.310882314609669663e+01;5.756454771777619328e-02
5.323915026717059362e+01;5.973268648768903510e-02
5.336947738824449061e+01;6.059287831876738334e-02
5.349980450931838050e+01;6.187156932530241127e-02
5.363013163039227749e+01;5.838181488090860710e-02
5.376045875146618869e+01;5.816506593447774709e-02
5.389078587254008568e+01;5.760526211114582601e-02
5.402111299361398977e+01;6.049893542232864796e-02
5.415144011468788676e+01;6.038276476038512142e-02
5.428176723576177665e+01;5.711787430538137894e-02
5.441209435683566653e+01;5.832475603697238886e-02
5.454242147790955642e+01;5.914563113994458776e-02
5.467274859898346051e+01;6.050548786548922559e-02
5.480307572005735040e+01;5.959514615112574548e-02
5.493340284113125449e+01;5.841003829136445086e-02
5.506372996220514437e+01;5.543375778329740627e-02
5.519405708327903426e+01;5.667292328535315088e-02
5.532438420435293125e+01;5.583159268551963345e-02
5.545471132542682824e+01;5.546783553707940184e-02
5.558503844650071812e+01;5.420327318908629843e-02
5.571536556757462222e+01;5.486922259029032578e-02
5.584569268864851210e+01;5.397203669821153127e-02
5.597601980972240199e+01;5.482657843542575182e-02
5.610634693079629187e+01;5.282156458358726325e-02
5.623667405187019597e+01;5.348713294447762084e-02
5.636700117294408585e+01;5.514939648354102303e-02
5.649732829401797574e+01;5.644705081129314239e-02
5.662765541509187983e+01;5.405042074262944585e-02
5.675798253616576972e+01;5.467562161039010021e-02
5.688830965723965960e+01;5.590790646333142905e-02
5.701863677831357080e+01;5.409654602687186814e-02
5.714896389938746779e+01;5.325362958928619300e-02
5.727929102046136478e+01;5.100601638681798861e-02
5.740961814153527598e+01;4.979562427880045161e-02
5.753994526260916587e+01;5.128714749708153386e-02
5.767027238368305575e+01;5.234550371107515171e-02
5.780059950475694563e+01;4.969007283237231870e-02
5.793092662583084973e+01;4.848848224574589527e-02
5.806125374690473961e+01;4.674701062825772913e-02
5.819158086797863660e+01;4.525167203477600125e-02
5.832190798905253359e+01;4.349373742630089495e-02
5.845223511012642348e+01;4.191162439206524287e-02
5.858256223120032047e+01;3.977612772862181706e-02
5.871288935227421746e+01;4.115050248490324802e-02
5.884321647334810734e+01;4.188395371563718994e-02
5.897354359442200433e+01;3.891019297177985420e-02
5.910387071549590132e+01;3.843494021963188290e-02
5.923419783656979121e+01;3.861374985895608264e-02
5.936452495764368109e+01;3.793512165582628437e-02
5.949485207871757098e+01;3.577764957505585180e-02
5.962517919979147507e+01;3.631585423205235807e-02
5.975550632086536496e+01;3.749771762902803784e-02
5.988583344193926195e+01;3.913261348067887530e-02
6.001616056301315894e+01;3.997682028237868612e-02
6.014648768408704882e+01;3.915450831702962237e-02
6.027681480516095291e+01;3.925596804511359561e-02
6.040714192623485701e+01;4.079689282488471735e-02
6.053746904730875400e+01;4.048719821982352945e-02
6.066779616838266520e+01;4.088755150033308167e-02
6.079812328945655509e+01;4.024297893723136066e-02
6.092845041053044497e+01;3.984748914766447075e-02
6.105877753160433485e+01;4.122847832722074252e-02
6.118910465267823895e+01;4.159698948433752930e-02
6.131943177375212883e+01;4.221878924739368849e-02
6.144975889482601872e+01;4.194418682917638169e-02
6.158008601589992281e+01;4.482622677555433283e-02
6.171041313697381270e+01;4.502937378815760616e-02
6.184074025804770258e+01;4.391565686298937177e-02
6.197106737912160668e+01;4.404337728602483737e-02
6.210139450019549656e+01;4.799572432527762084e-02
6.223172162126938645e+01;4.959593061548672049e-02
6.236204874234329054e+01;4.859002846824508198e-02
6.249237586341718043e+01;4.897497205480170340e-02
6.262270298449107031e+01;4.812272668951819016e-02
6.275303010556496019e+01;4.794367574308576463e-02
6.288335722663886429e+01;4.468948868080757642e-02
6.301368434771275417e+01;4.459784609380089415e-02
6.314401146878665116e+01;4.522816165055960902e-02
6.327433858986054815e+01;4.612088895192176241e-02
6.340466571093443804e+01;4.746288492525012337e-02
6.353499283200833503e+01;4.886592653230872885e-02
6.366531995308224623e+01;4.962750320944617211e-02
6.379564707415614322e+01;4.814122046019729539e-02
6.392597419523004731e+01;4.902165460447212297e-02
6.405630131630394430e+01;4.846161422866600288e-02
6.418662843737783419e+01;4.737108302505141366e-02
6.431695555845172407e+01;4.714720989205174045e-02
6.444728267952562817e+01;4.691291538689049134e-02
6.457760980059951805e+01;4.693191713528001990e-02
6.470793692167340794e+01;4.477978925813838607e-02
6.483826404274731203e+01;4.231917288873606603e-02
6.496859116382120192e+01;4.232760090040200290e-02
6.509891828489509180e+01;4.123825120190103416e-02
6.522924540596899590e+01;4.226861891080618133e-02
6.535957252704288578e+01;4.163449893957831688e-02
6.548989964811677567e+01;4.403092984265986887e-02
6.562022676919067976e+01;4.286938982526303926e-02
6.575055389026456965e+01;4.348118771446809333e-02
6.588088101133845953e+01;4.365781511511097890e-02
6.601120813241234941e+01;4.391011509837041554e-02
6.614153525348625351e+01;4.225040823973529036e-02
6.627186237456014339e+01;4.200147475082473270e-02
6.640218949563403328e+01;4.102105725124176316e-02
6.653251661670793737e+01;3.927437197108615136e-02
6.666284373778182726e+01;3.831097816534379669e-02
6.679317085885571714e+01;3.906617500019182732e-02
6.692349797992963545e+01;3.825136712823656165e-02
6.705382510100352533e+01;3.886192527251440543e-02
6.718415222207742943e+01;3.925456768875416891e-02
6.731447934315133352e+01;3.776753043465833765e-02
6.744480646422522341e+01;3.851249525874252816e-02
6.757513358529911329e+01;3.845096690639641934e-02
6.770546070637300318e+01;3.874056841807598656e-02
6.783578782744690727e+01;3.782204170903279150e-02
6.796611494852079716e+01;3.513826414576472212e-02
6.809644206959468704e+01;3.326630644329358483e-02
6.822676919066859114e+01;3.428192964314848851e-02
6.835709631174248102e+01;3.355026740623474196e-02
6.848742343281637091e+01;3.224836109268363477e-02
6.861775055389027500e+01;3.129202030834972448e-02
6.874807767496416488e+01;3.150648804063527902e-02
6.887840479603806898e+01;3.046466149150341488e-02
6.900873191711195886e+01;2.933446359368499859e-02
6.913905903818584875e+01;2.888587280038409227e-02
6.926938615925973863e+01;2.944096446772819300e-02
6.939971328033364273e+01;2.783508929430943829e-02
6.953004040140753261e+01;2.798616974566676616e-02
6.966036752248142250e+01;2.582067435468366617e-02
6.979069464355532659e+01;2.498006044355460115e-02
6.992102176462921648e+01;2.590770397360934660e-02
7.005134888570310636e+01;2.682640598930028514e-02
7.018167600677701046e+01;2.402876209919927245e-02
7.031200312785090034e+01;2.460684729597195294e-02
7.044233024892480444e+01;2.601625365868744794e-02
7.057265736999870853e+01;2.858180478142974268e-02
7.070298449107259842e+01;3.132698679265792652e-02
7.083331161214648830e+01;2.931849896225045826e-02
7.096363873322037819e+01;3.051928745563041098e-02
7.109396585429428228e+01;3.158162591623134979e-02
7.122429297536817216e+01;3.252839667500700277e-02
7.135462009644206205e+01;3.179030683420853987e-02
7.148494721751596614e+01;2.941310611856862850e-02
7.161527433858985603e+01;3.141273912543732921e-02
7.174560145966376012e+01;2.784949960398022673e-02
7.187592858073767843e+01;2.717308817287343928e-02
7.200625570181156831e+01;2.642942222036894287e-02
7.213658282288545820e+01;2.644943305577116682e-02
7.226690994395936229e+01;2.888672775463173303e-02
7.239723706503325218e+01;2.905777219537870881e-02
7.252756418610714206e+01;2.904585406814818097e-02
7.265789130718103195e+01;2.793820219577966904e-02
7.278821842825493604e+01;3.024509463723338079e-02
7.291854554932882593e+01;2.879520997988798195e-02
7.304887267040271581e+01;2.808543027327826958e-02
7.317919979147661991e+01;2.905091182897755545e-02
7.330952691255050979e+01;2.815156646291812337e-02
7.343985403362439968e+01;2.805511760898976581e-02
7.357018115469830377e+01;2.468437303180913422e-02
7.370050827577219366e+01;2.523185385052317820e-02
7.383083539684609775e+01;2.183858200108230313e-02
7.396116251792000185e+01;2.401310723990399479e-02
7.409148963899389173e+01;2.578764353532018300e-02
7.422181676006778162e+01;2.626759060276856114e-02
7.435214388114168571e+01;2.900819105444873286e-02
7.448247100221557560e+01;2.744040858256692819e-02
7.461279812328946548e+01;2.769320913998344486e-02
7.474312524436336957e+01;2.570498324115517985e-02
7.487345236543725946e+01;2.302357636543519645e-02
7.500377948651114934e+01;2.306132121597057397e-02
7.513410660758505344e+01;2.495996229355195231e-02
7.526443372865894332e+01;2.430504181143980022e-02
7.539476084973283321e+01;2.383525248822435105e-02
7.552508797080673730e+01;2.274608947427704878e-02
7.565541509188062719e+01;2.200215080058157135e-02
7.578574221295451707e+01;2.070731219488387495e-02
7.591606933402840696e+01;2.042959055201393204e-02
7.604639645510231105e+01;2.124952402726524095e-02
7.617672357617620094e+01;2.283214558758122834e-02
7.630705069725009082e+01;2.056069405978334930e-02
7.643737781832399492e+01;2.167964165433696952e-02
7.656770493939788480e+01;1.757916754599376727e-02
7.669803206047177468e+01;1.789927808267911466e-02
7.682835918154567878e+01;1.766506355041103093e-02
7.695868630261956866e+01;1.541326544405034228e-02
7.708901342369345855e+01;1.609533389103898898e-02
7.721934054476736264e+01;1.811726439180947126e-02
7.734966766584125253e+01;2.115477825830779438e-02
7.747999478691514241e+01;2.367577924628865016e-02
7.761032190798903230e+01;2.418605874042516549e-02
7.774064902906293639e+01;2.212432683518390786e-02
7.787097615013682628e+01;2.226818160456361592e-02
7.800130327121071616e+01;2.110971644314725559e-02
7.813163039228462026e+01;1.898515427672473749e-02
7.826195751335851014e+01;1.973613186227039448e-02
7.839228463443241424e+01;2.012822648582556634e-02
7.852261175550633254e+01;1.815831061343733607e-02
7.865293887658023664e+01;1.737748702985487947e-02
7.878326599765414073e+01;1.860244449324002444e-02
7.891359311872804483e+01;2.081178074104183054e-02
7.904392023980193471e+01;2.156264227262363539e-02
7.917424736087582460e+01;2.424231529018888373e-02
7.930457448194971448e+01;2.226006177902750682e-02
7.943490160302361858e+01;2.215687836744926337e-02
7.956522872409750846e+01;2.488365201621320008e-02
7.969555584517139835e+01;2.309068647287579670e-02
7.982588296624530244e+01;2.346621832896807203e-02
7.995621008731919233e+01;2.353652125215422580e-02
8.008653720839309642e+01;2.175149758036501110e-02
8.021686432946698631e+01;1.918717891159696029e-02
8.034719145054087619e+01;2.053487388183527010e-02
8.047751857161478029e+01;2.286112834285036061e-02
8.060784569268867017e+01;2.265533744463229041e-02
8.073817281376256005e+01;2.290570073909111229e-02
8.086849993483644994e+01;2.289283213026444691e-02
8.099882705591033982e+01;1.980090024027468185e-02
8.112915417698422971e+01;2.229524526395917222e-02
8.125948129805814801e+01;2.209649032935178531e-02
8.138980841913203790e+01;2.243142281065430010e-02
8.152013554020592778e+01;2.073745594824242047e-02
8.165046266127981767e+01;2.042155500325554263e-02
8.178078978235370755e+01;2.184132091758764216e-02
8.191111690342761165e+01;2.293010110758745418e-02
8.204144402450151574e+01;2.396720656181405493e-02
8.217177114557540563e+01;2.237067521464881567e-02
8.230209826664929551e+01;2.461432581685280702e-02
8.243242538772318539e+01;2.541331000551660599e-02
8.256275250879707528e+01;2.166507180716466946e-02
8.269307962987096516e+01;2.454177731907196056e-02
8.282340675094486926e+01;2.639237448345819678e-02
8.295373387201877335e+01;2.374644048695822435e-02
8.308406099309266324e+01;2.166675985032772908e-02
8.321438811416655312e+01;2.282924847787299802e-02
8.334471523524044301e+01;2.393359294665100417e-02
8.347504235631433289e+01;2.426801189012696425e-02
8.360536947738823699e+01;2.963637809657802130e-02
8.373569659846214108e+01;2.779875079283907965e-02
8.386602371953603097e+01;2.819915356209318213e-02
8.399635084060992085e+01;2.575102183665838734e-02
8.412667796168381074e+01;2.523496774955875585e-02
8.425700508275770062e+01;2.475332763515280393e-02
8.438733220383159050e+01;2.247211774833393974e-02
8.451765932490550881e+01;2.260397698822590867e-02
8.464798644597939870e+01;2.313541876298566558e-02
8.477831356705328858e+01;2.455261374894766868e-02
8.490864068812717846e+01;2.627635584326743975e-02
8.503896780920108256e+01;2.288922758511461458e-02
8.516929493027498665e+01;2.280629803753034951e-02
8.529962205134890496e+01;1.755523791888310287e-02
8.542994917242282327e+01;1.577505285438856805e-02
8.556027629349671315e+01;1.816412242696013868e-02
8.569060341457060304e+01;1.878137360443394438e-02
8.582093053564449292e+01;2.075974356718205543e-02
8.595125765671838280e+01;2.422697848166834034e-02
8.608158477779227269e+01;2.120903131245102657e-02
8.621191189886619100e+01;2.098158493428411292e-02
8.634223901994008088e+01;2.305211532306601641e-02
8.647256614101397076e+01;2.415968239944913873e-02
8.660289326208786065e+01;2.424310538237928192e-02
8.673322038316175053e+01;2.676527971163681491e-02
8.686354750423564042e+01;2.734096486139432625e-02
8.699387462530954451e+01;2.698840828977665598e-02
8.712420174638344861e+01;2.897166502868745580e-02
8.725452886745733849e+01;2.869481075857415256e-02
8.738485598853122838e+01;2.970226843148565665e-02
8.751518310960511826e+01;2.724612133457867541e-02
8.764551023067900815e+01;2.950584830778753970e-02
8.777583735175291224e+01;3.172850673626161772e-02
8.790616447282681634e+01;3.449661365551448533e-02
8.803649159390070622e+01;3.735334632651206993e-02
8.816681871497459611e+01;3.559339449303896424e-02
8.829714583604848599e+01;3.796341664457357490e-02
8.842747295712237587e+01;3.954693754273225226e-02
8.855780007819627997e+01;4.043880605712345949e-02
8.868812719927018406e+01;4.418712430930787222e-02
8.881845432034407395e+01;4.072812961123967179e-02
8.894878144141796383e+01;3.974769919030344406e-02
8.907910856249185372e+01;3.912032508903617867e-02
8.920943568356574360e+01;4.154297054716309806e-02
8.933976280463963349e+01;3.974929332493572220e-02
8.947008992571355179e+01;4.260555790200910853e-02
8.960041704678744168e+01;4.334541580276678879e-02
8.973074416786133156e+01;4.067312153800490410e-02
8.986107128893522145e+01;3.988509347211643269e-02
8.999139841000911133e+01;3.899540383699443002e-02
9.012172553108300121e+01;3.803514548145311980e-02
9.025205265215690531e+01;3.689544796868231974e-02
9.038237977323080941e+01;3.796624255820523625e-02
9.051270689430469929e+01;3.834746310039825051e-02
9.064303401537858917e+01;3.944015207994350930e-02
9.077336113645247906e+01;4.104832877199498381e-02
9.090368825752636894e+01;3.864223767632108536e-02
9.103401537860025883e+01;3.805185385382291868e-02
9.116434249967417713e+01;3.447464015682977223e-02
9.129466962074806702e+01;3.334319247006733988e-02
9.142499674182195690e+01;3.523817368783235815e-02
9.155532386289584679e+01;3.782191864093982503e-02
9.168565098396975088e+01;4.010754930729356488e-02
9.181597810504365498e+01;3.743965381142613097e-02
9.194630522611757328e+01;3.753614178138716534e-02
9.207663234719149159e+01;3.632332971904007196e-02
9.220695946826538147e+01;3.995515123352368775e-02
9.233728658933927136e+01;4.013836627226177733e-02
9.246761371041316124e+01;4.005001494378069432e-02
9.259794083148705113e+01;3.920088611380734278e-02
9.272826795256094101e+01;4.281161066292414608e-02
9.285859507363485932e+01;4.220723769678472875e-02
9.298892219470874920e+01;4.216019111545318138e-02
9.311924931578263909e+01;4.368495786563159761e-02
9.324957643685652897e+01;4.007482892123116064e-02
9.337990355793041886e+01;3.815046903334478462e-02
9.351023067900432295e+01;3.865757919710892387e-02
9.364055780007822705e+01;3.716989382267246733e-02
9.377088492115211693e+01;3.975979429082563549e-02
9.390121204222600682e+01;4.056530464560491323e-02
9.403153916329989670e+01;4.046918850061833467e-02
9.416186628437378658e+01;4.022270016646176810e-02
9.429219340544767647e+01;3.889508633402709303e-02
9.442252052652158056e+01;3.948276278548001200e-02
9.455284764759548466e+01;3.865549982145644048e-02
9.468317476866937454e+01;3.842144174035719978e-02
9.481350188974326443e+01;3.449297329215671171e-02
9.494382901081715431e+01;3.438449595745416559e-02
9.507415613189104420e+01;3.317143522178304937e-02
9.520448325296494829e+01;3.420429971082880605e-02
9.533481037403885239e+01;3.318150792853712810e-02
9.546513749511274227e+01;3.072463103512183130e-02
9.559546461618663216e+01;2.807104594734729716e-02
9.572579173726052204e+01;2.764527894456555307e-02
9.585611885833441193e+01;2.720381488050649735e-02
9.598644597940830181e+01;2.891360834637519278e-02
9.611677310048222012e+01;2.880486238196962659e-02
9.624710022155611000e+01;2.582101679744068859e-02
9.637742734262999988e+01;2.695481748508724365e-02
9.650775446370388977e+01;2.769802764827777875e-02
9.663808158477777965e+01;2.554649302018057247e-02
9.676840870585168375e+01;2.249075835421614211e-02
9.689873582692558784e+01;2.263697334722536772e-02
9.702906294799947773e+01;2.351587942985865556e-02
9.715939006907336761e+01;2.331956999630264288e-02
9.728971719014725750e+01;2.372926755528577056e-02
9.742004431122114738e+01;2.414442425920608828e-02
9.755037143229503727e+01;2.694349754733416785e-02
9.768069855336892715e+01;2.934197847038912121e-02
9.781102567444284546e+01;3.131376617259390427e-02
9.794135279551673534e+01;3.474875771488900034e-02
9.807167991659062523e+01;3.622903259763111256e-02
9.820200703766451511e+01;3.837343128295638700e-02
9.833233415873841921e+01;3.795008257360261289e-02
9.846266127981235172e+01;3.771859916767181936e-02
9.859298840088625582e+01;3.801478322935589876e-02
9.872331552196015991e+01;3.677847070682160185e-02
9.885364264303404980e+01;3.860896509676207261e-02
9.898396976410793968e+01;3.760399038771677221e-02
9.911429688518182957e+01;3.713759209320172117e-02
9.924462400625571945e+01;3.499070521500884795e-02
9.937495112732962355e+01;3.451676427673341929e-02
9.950527824840352764e+01;3.458862463355973083e-02
9.963560536947741753e+01;3.683636782442636926e-02
9.976593249055130741e+01;3.974811736048355221e-02
9.989625961162519729e+01;3.871311536962628724e-02
1.000265867326990872e+02;3.936741619708281764e-02
1.001569138537730055e+02;3.559893270260042208e-02
1.002872409748468954e+02;3.545866028656138869e-02
1.004175680959207853e+02;3.278764328966748964e-02
1.005478952169946751e+02;3.018271393948849038e-02
1.006782223380685650e+02;3.134717075246845619e-02
1.008085494591424549e+02;2.914552173184071018e-02
1.009388765802163448e+02;2.505288781879116619e-02
1.010692037012902631e+02;2.324066226604811977e-02
1.011995308223641530e+02;2.255029648745579193e-02
1.013298579434380429e+02;2.450330538304591743e-02
1.014601850645119328e+02;2.402388983041207210e-02
1.015905121855858226e+02;2.203795787374504545e-02
1.017208393066597267e+02;1.638986696514468933e-02
1.018511664277336308e+02;2.194337631005191872e-02
1.019814935488075207e+02;2.655307928458456798e-02
1.021118206698814106e+02;2.736959593801786828e-02
1.022421477909553005e+02;2.509971450930952377e-02
1.023724749120291904e+02;2.562874243728226545e-02
1.025028020331030802e+02;2.344127330956303698e-02
1.026331291541769701e+02;2.423190801519034543e-02
1.027634562752508884e+02;2.989673370268404809e-02
1.028937833963247783e+02;2.725917706557094700e-02
1.030241105173986682e+02;2.588808008000550304e-02
1.031544376384725581e+02;2.600339611156930048e-02
1.032847647595464480e+02;2.707700969283015346e-02
1.034150918806203521e+02;2.719130803730247445e-02
1.035454190016942562e+02;2.621172135036757209e-02
1.036757461227681461e+02;2.698828606528827154e-02
1.038060732438420359e+02;2.391717783990952861e-02
1.039364003649159258e+02;2.098123241866535482e-02
1.040667274859898157e+02;2.321152850134560255e-02
1.041970546070637056e+02;2.160824462470084181e-02
1.043273817281376097e+02;2.143655933299100369e-02
1.044577088492115138e+02;1.559774734803087357e-02
1.045880359702854037e+02;1.239774573833183485e-02
1.047183630913592935e+02;6.624840678516616919e-03
1.048486902124331976e+02;4.775196980357443444e-03
1.049790173335071017e+02;3.196612218851764987e-03
1.051093444545810343e+02;1.178616328486734727e-03
1.052396715756549384e+02;1.542879567938497105e-04
1.053699986967288282e+02;-5.578595589851054713e-03
1.055003258178027181e+02;-5.448887344869790192e-03
1.056306529388766080e+02;-2.040231510092849025e-03
1.057609800599504979e+02;-3.055182001354165514e-03
1.058913071810243878e+02;-3.672471808026001212e-03
1.060216343020983061e+02;-4.034118871627199836e-03
1.061519614231721960e+02;1.371187871176850117e-03
1.062822885442460858e+02;2.490557798607442776e-03
1.064126156653199757e+02;5.803276660910276601e-03
1.065429427863938656e+02;6.756282831509046252e-03
1.066732699074677555e+02;6.284587982785512159e-03
1.068035970285416738e+02;8.888686802464993569e-03
1.069339241496155637e+02;1.262119166101195213e-02
1.070642512706894536e+02;1.474100491704007608e-02
1.071945783917633435e+02;1.844504851676394622e-02
1.073249055128372333e+02;2.552159119208496224e-02
1.074552326339111232e+02;2.745149172930556186e-02
1.075855597549850131e+02;2.599458324164072298e-02
1.077158868760589314e+02;2.756050341419143471e-02
1.078462139971328213e+02;2.936068069925382856e-02
1.079765411182067112e+02;2.692955716823755910e-02
1.081068682392806011e+02;2.987299844418985634e-02
1.082371953603544910e+02;2.333491414598830999e-02
1.083675224814284093e+02;2.674719773215948615e-02
1.084978496025022991e+02;2.705742063287430721e-02
1.086281767235761890e+02;2.691348449265604931e-02
1.087585038446500789e+02;2.750131202216016257e-02
1.088888309657239688e+02;2.673794182001965405e-02
1.090191580867978587e+02;3.056710359479271333e-02
1.091494852078717486e+02;3.096201953706188489e-02
1.092798123289456385e+02;3.256029596151004124e-02
1.094101394500195568e+02;3.626274015178092280e-02
1.095404665710934466e+02;3.482404377855586458e-02
1.096707936921673365e+02;3.606844626259622655e-02
1.098011208132412264e+02;2.921890378037224692e-02
1.099314479343151163e+02;2.256569218579710864e-02
1.100617750553890204e+02;2.473027768086350983e-02
1.101921021764629245e+02;3.032792717412960415e-02
1.103224292975368144e+02;3.531615368181485748e-02
1.104527564186107043e+02;3.348426008471629134e-02
1.105830835396845941e+02;3.731099010252356823e-02
1.107134106607584840e+02;2.918943410526434259e-02
1.108437377818323739e+02;4.240661577666066107e-02
1.109740649029062780e+02;3.780515176100431030e-02
1.111043920239801821e+02;3.605643064741279741e-02
1.112347191450540720e+02;3.611301041643329851e-02
1.113650462661279619e+02;2.761096707684954077e-02
1.114953733872018660e+02;2.996875678122580544e-02
1.116257005082757843e+02;2.603397695713889973e-02
1.117560276293497026e+02;2.178344678894689884e-02
1.118863547504236067e+02;2.158278159189912573e-02
1.120166818714974966e+02;1.477352150446868684e-02
1.121470089925713864e+02;1.522765723318464728e-02
1.122773361136452763e+02;2.468426838752861910e-02
1.124076632347191662e+02;2.954094943519980018e-02
1.125379903557930561e+02;2.751998884796304917e-02
1.126683174768669744e+02;2.653957061588982369e-02
1.127986445979408643e+02;2.518739373127309999e-02
1.129289717190147542e+02;1.643945873392307563e-02
1.130592988400886441e+02;1.032979671018078444e-02
1.131896259611625339e+02;1.052196541144052519e-02
1.133199530822364238e+02;1.715300969505548917e-02
1.134502802033103279e+02;1.404496051319498173e-02
1.135806073243842320e+02;1.731382534192903513e-02
1.137109344454581219e+02;2.055120181163694326e-02
1.138412615665320118e+02;2.044045572065749522e-02
1.139715886876059017e+02;2.577470340240015090e-02
1.141019158086797916e+02;2.722767799136570008e-02
1.142322429297536956e+02;2.882608260627653532e-02
1.143625700508275997e+02;3.333928704989611719e-02
1.144928971719014896e+02;3.084807208156231662e-02
1.146232242929753795e+02;2.916603276357199528e-02
1.147535514140492694e+02;3.054136505306368279e-02
1.148838785351231593e+02;1.781488657172463491e-02
1.150142056561970776e+02;1.563113339659155318e-02
1.151445327772709675e+02;2.140310554145653105e-02
1.152748598983448574e+02;1.900977742724344749e-02
1.154051870194187472e+02;2.109535831524176480e-02
1.155355141404926371e+02;2.822812113782976681e-02
1.156658412615665270e+02;3.179324336889633590e-02
1.157961683826404169e+02;3.201151933813152495e-02
1.159264955037143210e+02;3.272314635468230593e-02
1.160568226247882251e+02;2.280347657188792551e-02
1.161871497458621150e+02;2.395426803987386888e-02
1.163174768669360049e+02;2.517087307285039918e-02
1.164478039880098947e+02;1.943124528593663872e-02
1.165781311090837846e+02;2.261700394019871413e-02
1.167084582301576887e+02;2.477616747549545723e-02
1.168387853512315928e+02;2.930938928937218066e-02
1.169691124723054827e+02;3.143029162941595595e-02
1.170994395933793726e+02;3.790884119983724265e-02
1.172297667144532625e+02;4.799280683213272281e-02
1.173600938355271524e+02;5.202815377465267593e-02
1.174904209566010422e+02;5.066993072563380496e-02
1.176207480776749605e+02;5.056068153857164876e-02
1.177510751987488504e+02;5.485572930066687225e-02
1.178814023198227403e+02;4.659570349997471661e-02
1.180117294408966302e+02;3.204465481410993799e-02
1.181420565619705343e+02;2.589640913499199892e-02
1.182723836830444668e+02;3.423433358678345390e-02
1.184027108041183709e+02;3.165248248723327024e-02
1.185330379251922750e+02;2.335322561352021209e-02
1.186633650462661649e+02;3.357814664965474288e-02
