cadmium yellow (CdS);
1;0
2;0
3;0
4;0
5;0
6;0
7;0
8;0
9;0
10;0
11;0
12;0
13;0
14;0
15;0
16;0
17;0
18;0
19;0
20;0
21;0
22;138
23;119
24;130
25;112
26;130
27;137
28;98
29;104
30;98
31;110
32;113
33;119
34;112
35;111
36;119
37;129
38;122
39;130
40;114
41;134
42;107
43;120
44;97
45;112
46;101
47;107
48;109
49;109
50;119
51;116
52;91
53;108
54;101
55;109
56;93
57;126
58;88
59;106
60;120
61;112
62;106
63;96
64;107
65;107
66;109
67;101
68;106
69;98
70;102
71;103
72;105
73;108
74;102
75;112
76;110
77;105
78;122
79;109
80;113
81;112
82;110
83;114
84;101
85;108
86;104
87;115
88;105
89;108
90;115
91;109
92;117
93;116
94;117
95;119
96;99
97;127
98;123
99;126
100;103
101;110
102;122
103;129
104;127
105;131
106;143
107;120
108;117
109;128
110;116
111;126
112;123
113;133
114;119
115;139
116;121
117;114
118;145
119;131
120;131
121;143
122;146
123;137
124;132
125;132
126;125
127;111
128;136
129;138
130;123
131;139
132;124
133;144
134;152
135;142
136;163
137;161
138;122
139;166
140;153
141;162
142;167
143;175
144;166
145;160
146;168
147;184
148;191
149;172
150;187
151;189
152;167
153;212
154;194
155;198
156;187
157;199
158;186
159;194
160;211
161;192
162;190
163;200
164;197
165;244
166;246
167;252
168;246
169;263
170;266
171;223
172;276
173;220
174;225
175;234
176;243
177;224
178;229
179;223
180;246
181;264
182;261
183;269
184;241
185;268
186;255
187;257
188;276
189;245
190;265
191;291
192;270
193;263
194;275
195;254
196;275
197;287
198;271
199;246
200;274
201;290
202;289
203;261
204;307
205;268
206;312
207;286
208;302
209;327
210;297
211;305
212;337
213;367
214;331
215;320
216;321
217;340
218;352
219;346
220;383
221;327
222;375
223;331
224;341
225;323
226;349
227;318
228;324
229;308
230;347
231;329
232;297
233;324
234;359
235;330
236;321
237;333
238;354
239;365
240;431
241;420
242;470
243;464
244;439
245;440
246;447
247;415
248;485
249;489
250;544
251;552
252;546
253;611
254;591
255;533
256;521
257;514
258;512
259;436
260;482
261;467
262;458
263;499
264;431
265;437
266;419
267;399
268;430
269;416
270;429
271;485
272;527
273;621
274;601
275;657
276;672
277;617
278;653
279;669
280;613
281;589
282;695
283;729
284;811
285;881
286;839
287;860
288;769
289;743
290;647
291;608
292;537
293;485
294;534
295;455
296;517
297;503
298;478
299;477
300;524
301;562
302;507
303;522
304;533
305;504
306;554
307;589
308;556
309;601
310;618
311;607
312;637
313;662
314;670
315;695
316;702
317;738
318;743
319;657
320;734
321;766
322;745
323;742
324;776
325;755
326;813
327;746
328;764
329;789
330;821
331;852
332;907
333;844
334;946
335;849
336;878
337;919
338;991
339;1014
340;1015
341;1006
342;1052
343;1035
344;1138
345;1179
346;1161
347;1228
348;1246
349;1278
350;1266
351;1267
352;1177
353;1214
354;1263
355;1204
356;1222
357;1256
358;1264
359;1320
360;1300
361;1380
362;1429
363;1449
364;1427
365;1481
366;1496
367;1576
368;1454
369;1473
370;1498
371;1556
372;1617
373;1695
374;1705
375;1688
376;1622
377;1748
378;1673
379;1828
380;1761
381;1782
382;1859
383;1789
384;1942
385;1833
386;1830
387;1943
388;1881
389;1934
390;1999
391;2096
392;2004
393;2030
394;2083
395;2121
396;2233
397;2220
398;2312
399;2194
400;2338
401;2218
402;2357
403;2343
404;2364
405;2477
406;2355
407;2448
408;2457
409;2458
410;2431
411;2543
412;2586
413;2539
414;2627
415;2672
416;2639
417;2629
418;2719
419;2738
420;2793
421;2849
422;2939
423;2924
424;2841
425;2939
426;3033
427;2905
428;2889
429;3050
430;3007
431;3100
432;3112
433;3196
434;3211
435;3248
436;3244
437;3278
438;3337
439;3396
440;3536
441;3525
442;3703
443;3849
444;3830
445;4135
446;4340
447;4621
448;4874
449;5123
450;5761
451;6262
452;7138
453;7793
454;8528
455;8962
456;9172
457;9180
458;9335
459;9117
460;9049
461;9440
462;9673
463;10492
464;11304
465;11759
466;11924
467;11659
468;10742
469;9510
470;8283
471;7040
472;5867
473;5160
474;4475
475;4259
476;4122
477;4139
478;4005
479;4100
480;4007
481;4094
482;4093
483;3954
484;4024
485;3813
486;3973
487;3940
488;3973
489;3978
490;3849
491;3922
492;3887
493;3938
494;4004
495;3897
496;4016
497;3981
498;3836
499;3964
500;4005
501;3931
502;4096
503;4011
504;4019
505;4057
506;4064
507;4154
508;4191
509;4389
510;4446
511;4381
512;4265
513;4454
514;4607
515;4596
516;5002
517;5176
518;5285
519;5520
520;5688
521;6100
522;6450
523;6661
524;7142
525;7299
526;7631
527;7728
528;7529
529;7358
530;6925
531;6354
532;5891
533;5297
534;5195
535;4846
536;4732
537;4749
538;4723
539;4802
540;4904
541;4909
542;4947
543;4735
544;4612
545;4573
546;4467
547;4156
548;3895
549;3735
550;3758
551;3587
552;3597
553;3605
554;3454
555;3470
556;3607
557;3550
558;3469
559;3521
560;3479
561;3410
562;3392
563;3442
564;3484
565;3602
566;3499
567;3522
568;3345
569;3517
570;3475
571;3400
572;3431
573;3398
574;3391
575;3374
576;3420
577;3376
578;3393
579;3436
580;3312
581;3405
582;3490
583;3391
584;3442
585;3497
586;3419
587;3304
588;3343
589;3336
590;3303
591;3412
592;3324
593;3249
594;3336
595;3314
596;3298
597;3333
598;3268
599;3176
600;3235
601;3230
602;3180
603;3207
604;3117
605;3288
606;3074
607;3300
608;3246
609;3209
610;3099
611;3164
612;3160
613;3119
614;3074
615;3232
616;3037
617;3054
618;3099
619;3110
620;3113
621;3021
622;3014
623;3057
624;2978
625;3058
626;3054
627;2994
628;2883
629;2985
630;3002
631;2958
632;2955
633;2892
634;2904
635;2863
636;2839
637;2868
638;2940
639;2925
640;2904
641;2916
642;2841
643;2757
644;2770
645;2823
646;2849
647;2798
648;2778
649;2848
650;2721
651;2717
652;2799
653;2762
654;2691
655;2675
656;2640
657;2706
658;2673
659;2769
660;2704
661;2680
662;2582
663;2734
664;2591
665;2537
666;2520
667;2521
668;2641
669;2670
670;2598
671;2544
672;2540
673;2458
674;2472
675;2419
676;2398
677;2463
678;2366
679;2457
680;2410
681;2359
682;2417
683;2375
684;2358
685;2357
686;2291
687;2410
688;2248
689;2216
690;2406
691;2322
692;2281
693;2178
694;2233
695;2260
696;2212
697;2166
698;2162
699;2176
700;2112
701;2208
702;2153
703;2087
704;2063
705;2061
706;1998
707;2140
708;2091
709;2079
710;1982
711;2073
712;2012
713;1990
714;1919
715;1949
716;1972
717;2005
718;1899
719;1888
720;1928
721;1949
722;1900
723;1893
724;1780
725;1864
726;1797
727;1843
728;1808
729;1867
730;1771
731;1722
732;1803
733;1748
734;1723
735;1735
736;1727
737;1742
738;1807
739;1725
740;1642
741;1732
742;1650
743;1642
744;1636
745;1618
746;1685
747;1606
748;1573
749;1555
750;1540
751;1552
752;1572
753;1515
754;1545
755;1472
756;1591
757;1497
758;1487
759;1479
760;1468
761;1439
762;1467
763;1434
764;1500
765;1451
766;1415
767;1482
768;1435
769;1427
770;1364
771;1315
772;1334
773;1378
774;1302
775;1292
776;1294
777;1256
778;1258
779;1351
780;1257
781;1267
782;1320
783;1278
784;1268
785;1235
786;1238
787;1232
788;1160
789;1153
790;1173
791;1157
792;1148
793;1201
794;1126
795;1153
796;1088
797;1058
798;1112
799;1070
800;1045
801;1055
802;1134
803;1047
804;1058
805;1028
806;1008
807;1018
808;973
809;999
810;1014
811;991
812;987
813;956
814;953
815;932
816;878
817;926
818;889
819;899
820;840
821;846
822;878
823;877
824;858
825;840
826;802
827;834
828;796
829;783
830;802
831;807
832;786
833;770
834;776
835;746
836;763
837;757
838;749
839;717
840;707
841;662
842;735
843;672
844;659
845;682
846;663
847;741
848;667
849;657
850;672
851;623
852;613
853;591
854;597
855;631
856;557
857;580
858;596
859;608
860;568
861;586
862;540
863;564
864;518
865;579
866;541
867;494
868;515
869;474
870;474
871;493
872;441
873;531
874;427
875;428
876;420
877;451
878;418
879;379
880;440
881;406
882;354
883;404
884;369
885;378
886;371
887;346
888;331
889;343
890;331
891;304
892;343
893;286
894;310
895;324
896;283
897;281
898;245
899;275
900;253
901;257
902;247
903;249
904;218
905;262
906;218
907;217
908;202
909;172
910;177
911;180
912;165
913;183
914;146
915;154
916;141
917;144
918;135
919;132
920;125
921;114
922;95
923;84
924;112
925;93
926;80
927;70
928;88
929;81
930;53
931;60
932;49
933;64
934;54
935;34
936;43
937;33
938;18
939;15
940;18
941;13
942;12
943;11
944;17
945;8
946;9
947;5
948;6
949;5
950;5
951;6
952;1
953;2
954;7
955;6
956;8
957;7
958;8
959;9
960;4
961;7
962;7
963;5
964;4
965;5
966;1
967;3
968;4
969;8
970;9
971;6
972;10
973;4
974;7
975;5
976;1
977;4
978;6
979;4
980;7
981;6
982;7
983;4
984;4
985;6
986;4
987;3
988;3
989;7
990;6
991;2
992;7
993;5
994;6
995;5
996;3
997;6
998;6
999;6
1000;1
1001;3
1002;5
1003;7
1004;3
1005;7
1006;2
1007;3
1008;9
1009;5
1010;2
1011;4
1012;6
1013;0
1014;6
1015;5
1016;9
1017;4
1018;1
1019;2
1020;6
1021;8
1022;10
1023;7
1024;4
